id,part,file,fps
AL836112,neutral,/data/sit_21_hu_video_mix_home/processed/hrv/AL836112_part_2_neutral.mkv,30.3
AL836112,joy,/data/sit_21_hu_video_mix_home/processed/hrv/AL836112_part_2_joy.mkv,30.3
AL836112,disgust,/data/sit_21_hu_video_mix_home/processed/hrv/AL836112_part_2_disgust.mkv,30.3
AR833628,neutral,/data/sit_21_hu_video_mix_home/processed/hrv/AR833628_part_2_neutral.mkv,30.3
AR833628,joy,/data/sit_21_hu_video_mix_home/processed/hrv/AR833628_part_2_joy.mkv,30.3
AR833628,disgust,/data/sit_21_hu_video_mix_home/processed/hrv/AR833628_part_2_disgust.mkv,30.3
AR948942,neutral,/data/sit_21_hu_video_mix_home/processed/hrv/AR948942_part_2_neutral.mkv,30.0
AR948942,joy,/data/sit_21_hu_video_mix_home/processed/hrv/AR948942_part_2_joy.mkv,30.0
AR948942,disgust,/data/sit_21_hu_video_mix_home/processed/hrv/AR948942_part_2_disgust.mkv,30.0
AT537872,neutral,/data/sit_21_hu_video_mix_home/processed/hrv/AT537872_part_2_neutral.mkv,30.3
AT537872,joy,/data/sit_21_hu_video_mix_home/processed/hrv/AT537872_part_2_joy.mkv,30.3
AT537872,disgust,/data/sit_21_hu_video_mix_home/processed/hrv/AT537872_part_2_disgust.mkv,30.3
AV667866,neutral,/data/sit_21_hu_video_mix_home/processed/hrv/AV667866_part_2_neutral.mkv,30.3
AV667866,joy,/data/sit_21_hu_video_mix_home/processed/hrv/AV667866_part_2_joy.mkv,30.3
AV667866,disgust,/data/sit_21_hu_video_mix_home/processed/hrv/AV667866_part_2_disgust.mkv,30.3
AW432825,neutral,/data/sit_21_hu_video_mix_home/processed/hrv/AW432825_part_2_neutral.mkv,30.3
AW432825,joy,/data/sit_21_hu_video_mix_home/processed/hrv/AW432825_part_2_joy.mkv,30.3
AW432825,disgust,/data/sit_21_hu_video_mix_home/processed/hrv/AW432825_part_2_disgust.mkv,30.3
AX686396,neutral,/data/sit_21_hu_video_mix_home/processed/hrv/AX686396_part_2_neutral.mkv,7.646176911544227
AX686396,joy,/data/sit_21_hu_video_mix_home/processed/hrv/AX686396_part_2_joy.mkv,4.6421663442940035
AX686396,disgust,/data/sit_21_hu_video_mix_home/processed/hrv/AX686396_part_2_disgust.mkv,5.958862673926195
BA691432,neutral,/data/sit_21_hu_video_mix_home/processed/hrv/BA691432_part_2_neutral.mkv,30.3
BA691432,joy,/data/sit_21_hu_video_mix_home/processed/hrv/BA691432_part_2_joy.mkv,30.3
BA691432,disgust,/data/sit_21_hu_video_mix_home/processed/hrv/BA691432_part_2_disgust.mkv,30.3
BC985436,neutral,/data/sit_21_hu_video_mix_home/processed/hrv/BC985436_part_2_neutral.mkv,30.3
BC985436,joy,/data/sit_21_hu_video_mix_home/processed/hrv/BC985436_part_2_joy.mkv,30.3
BC985436,disgust,/data/sit_21_hu_video_mix_home/processed/hrv/BC985436_part_2_disgust.mkv,30.3
BF994438,neutral,/data/sit_21_hu_video_mix_home/processed/hrv/BF994438_part_2_neutral.mkv,30.3
BF994438,joy,/data/sit_21_hu_video_mix_home/processed/hrv/BF994438_part_2_joy.mkv,30.3
BF994438,disgust,/data/sit_21_hu_video_mix_home/processed/hrv/BF994438_part_2_disgust.mkv,30.3
BG287394,neutral,/data/sit_21_hu_video_mix_home/processed/hrv/BG287394_part_2_neutral.mkv,30.0
BG287394,joy,/data/sit_21_hu_video_mix_home/processed/hrv/BG287394_part_2_joy.mkv,30.0
BG287394,disgust,/data/sit_21_hu_video_mix_home/processed/hrv/BG287394_part_2_disgust.mkv,30.0
BN185821,neutral,/data/sit_21_hu_video_mix_home/processed/hrv/BN185821_part_2_neutral.mkv,30.3
BN185821,joy,/data/sit_21_hu_video_mix_home/processed/hrv/BN185821_part_2_joy.mkv,30.3
BN185821,disgust,/data/sit_21_hu_video_mix_home/processed/hrv/BN185821_part_2_disgust.mkv,30.3
CB372343,neutral,/data/sit_21_hu_video_mix_home/processed/hrv/CB372343_part_2_neutral.mkv,30.459770114942526
CB372343,joy,/data/sit_21_hu_video_mix_home/processed/hrv/CB372343_part_2_joy.mkv,27.53062540296583
CB372343,disgust,/data/sit_21_hu_video_mix_home/processed/hrv/CB372343_part_2_disgust.mkv,28.765880217785842
CG128136,neutral,/data/sit_21_hu_video_mix_home/processed/hrv/CG128136_part_2_neutral.mkv,30.3
CG128136,joy,/data/sit_21_hu_video_mix_home/processed/hrv/CG128136_part_2_joy.mkv,30.3
CG128136,disgust,/data/sit_21_hu_video_mix_home/processed/hrv/CG128136_part_2_disgust.mkv,30.3
CQ335744,neutral,/data/sit_21_hu_video_mix_home/processed/hrv/CQ335744_part_2_neutral.mkv,30.3
CQ335744,joy,/data/sit_21_hu_video_mix_home/processed/hrv/CQ335744_part_2_joy.mkv,30.3
CQ335744,disgust,/data/sit_21_hu_video_mix_home/processed/hrv/CQ335744_part_2_disgust.mkv,30.3
CU321485,neutral,/data/sit_21_hu_video_mix_home/processed/hrv/CU321485_part_2_neutral.mkv,30.0
CU321485,joy,/data/sit_21_hu_video_mix_home/processed/hrv/CU321485_part_2_joy.mkv,30.0
CU321485,disgust,/data/sit_21_hu_video_mix_home/processed/hrv/CU321485_part_2_disgust.mkv,30.0
CU346759,neutral,/data/sit_21_hu_video_mix_home/processed/hrv/CU346759_part_2_neutral.mkv,30.3
CU346759,joy,/data/sit_21_hu_video_mix_home/processed/hrv/CU346759_part_2_joy.mkv,30.3
CU346759,disgust,/data/sit_21_hu_video_mix_home/processed/hrv/CU346759_part_2_disgust.mkv,30.3
DD642193,neutral,/data/sit_21_hu_video_mix_home/processed/hrv/DD642193_part_2_neutral.mkv,28.83558220889555
DD642193,joy,/data/sit_21_hu_video_mix_home/processed/hrv/DD642193_part_2_joy.mkv,28.529980657640234
DD642193,disgust,/data/sit_21_hu_video_mix_home/processed/hrv/DD642193_part_2_disgust.mkv,26.55777374470659
DH144585,neutral,/data/sit_21_hu_video_mix_home/processed/hrv/DH144585_part_2_neutral.mkv,30.3
DH144585,joy,/data/sit_21_hu_video_mix_home/processed/hrv/DH144585_part_2_joy.mkv,30.3
DH144585,disgust,/data/sit_21_hu_video_mix_home/processed/hrv/DH144585_part_2_disgust.mkv,30.3
DM195412,neutral,/data/sit_21_hu_video_mix_home/processed/hrv/DM195412_part_2_neutral.mkv,30.0
DM195412,joy,/data/sit_21_hu_video_mix_home/processed/hrv/DM195412_part_2_joy.mkv,30.0
DM195412,disgust,/data/sit_21_hu_video_mix_home/processed/hrv/DM195412_part_2_disgust.mkv,30.0
DQ571687,neutral,/data/sit_21_hu_video_mix_home/processed/hrv/DQ571687_part_2_neutral.mkv,28.935532233883055
DQ571687,joy,/data/sit_21_hu_video_mix_home/processed/hrv/DQ571687_part_2_joy.mkv,26.079948420373952
DQ571687,disgust,/data/sit_21_hu_video_mix_home/processed/hrv/DQ571687_part_2_disgust.mkv,27.586206896551722
EF844871,neutral,/data/sit_21_hu_video_mix_home/processed/hrv/EF844871_part_2_neutral.mkv,30.0
EF844871,joy,/data/sit_21_hu_video_mix_home/processed/hrv/EF844871_part_2_joy.mkv,30.0
EF844871,disgust,/data/sit_21_hu_video_mix_home/processed/hrv/EF844871_part_2_disgust.mkv,30.0
EP388169,neutral,/data/sit_21_hu_video_mix_home/processed/hrv/EP388169_part_2_neutral.mkv,30.3
EP388169,joy,/data/sit_21_hu_video_mix_home/processed/hrv/EP388169_part_2_joy.mkv,30.3
EP388169,disgust,/data/sit_21_hu_video_mix_home/processed/hrv/EP388169_part_2_disgust.mkv,30.3
ET594733,neutral,/data/sit_21_hu_video_mix_home/processed/hrv/ET594733_part_2_neutral.mkv,30.3
ET594733,joy,/data/sit_21_hu_video_mix_home/processed/hrv/ET594733_part_2_joy.mkv,30.3
ET594733,disgust,/data/sit_21_hu_video_mix_home/processed/hrv/ET594733_part_2_disgust.mkv,30.3
FA475848,neutral,/data/sit_21_hu_video_mix_home/processed/hrv/FA475848_part_2_neutral.mkv,30.3
FA475848,joy,/data/sit_21_hu_video_mix_home/processed/hrv/FA475848_part_2_joy.mkv,30.3
FA475848,disgust,/data/sit_21_hu_video_mix_home/processed/hrv/FA475848_part_2_disgust.mkv,30.3
FK815797,neutral,/data/sit_21_hu_video_mix_home/processed/hrv/FK815797_part_2_neutral.mkv,30.3
FK815797,joy,/data/sit_21_hu_video_mix_home/processed/hrv/FK815797_part_2_joy.mkv,30.3
FK815797,disgust,/data/sit_21_hu_video_mix_home/processed/hrv/FK815797_part_2_disgust.mkv,30.3
FP552631,neutral,/data/sit_21_hu_video_mix_home/processed/hrv/FP552631_part_2_neutral.mkv,30.3
FP552631,joy,/data/sit_21_hu_video_mix_home/processed/hrv/FP552631_part_2_joy.mkv,30.3
FP552631,disgust,/data/sit_21_hu_video_mix_home/processed/hrv/FP552631_part_2_disgust.mkv,30.3
GB791111,neutral,/data/sit_21_hu_video_mix_home/processed/hrv/GB791111_part_2_neutral.mkv,27.936031984007993
GB791111,joy,/data/sit_21_hu_video_mix_home/processed/hrv/GB791111_part_2_joy.mkv,26.434558349451965
GB791111,disgust,/data/sit_21_hu_video_mix_home/processed/hrv/GB791111_part_2_disgust.mkv,26.346037507562006
GK664615,neutral,/data/sit_21_hu_video_mix_home/processed/hrv/GK664615_part_2_neutral.mkv,30.3
GK664615,joy,/data/sit_21_hu_video_mix_home/processed/hrv/GK664615_part_2_joy.mkv,30.3
GK664615,disgust,/data/sit_21_hu_video_mix_home/processed/hrv/GK664615_part_2_disgust.mkv,30.3
GP213121,neutral,/data/sit_21_hu_video_mix_home/processed/hrv/GP213121_part_2_neutral.mkv,30.3
GP213121,joy,/data/sit_21_hu_video_mix_home/processed/hrv/GP213121_part_2_joy.mkv,30.3
GP213121,disgust,/data/sit_21_hu_video_mix_home/processed/hrv/GP213121_part_2_disgust.mkv,30.3
GU463613,neutral,/data/sit_21_hu_video_mix_home/processed/hrv/GU463613_part_2_neutral.mkv,30.3
GU463613,joy,/data/sit_21_hu_video_mix_home/processed/hrv/GU463613_part_2_joy.mkv,30.3
GU463613,disgust,/data/sit_21_hu_video_mix_home/processed/hrv/GU463613_part_2_disgust.mkv,30.3
HB613993,neutral,/data/sit_21_hu_video_mix_home/processed/hrv/HB613993_part_2_neutral.mkv,30.3
HB613993,joy,/data/sit_21_hu_video_mix_home/processed/hrv/HB613993_part_2_joy.mkv,30.3
HB613993,disgust,/data/sit_21_hu_video_mix_home/processed/hrv/HB613993_part_2_disgust.mkv,30.3
HD742762,neutral,/data/sit_21_hu_video_mix_home/processed/hrv/HD742762_part_2_neutral.mkv,30.3
HD742762,joy,/data/sit_21_hu_video_mix_home/processed/hrv/HD742762_part_2_joy.mkv,30.3
HD742762,disgust,/data/sit_21_hu_video_mix_home/processed/hrv/HD742762_part_2_disgust.mkv,30.3
HS221444,neutral,/data/sit_21_hu_video_mix_home/processed/hrv/HS221444_part_2_neutral.mkv,30.3
HS221444,joy,/data/sit_21_hu_video_mix_home/processed/hrv/HS221444_part_2_joy.mkv,30.3
HS221444,disgust,/data/sit_21_hu_video_mix_home/processed/hrv/HS221444_part_2_disgust.mkv,30.3
HY512582,neutral,/data/sit_21_hu_video_mix_home/processed/hrv/HY512582_part_2_neutral.mkv,30.3
HY512582,joy,/data/sit_21_hu_video_mix_home/processed/hrv/HY512582_part_2_joy.mkv,30.3
HY512582,disgust,/data/sit_21_hu_video_mix_home/processed/hrv/HY512582_part_2_disgust.mkv,30.3
KC598959,neutral,/data/sit_21_hu_video_mix_home/processed/hrv/KC598959_part_2_neutral.mkv,30.3
KC598959,joy,/data/sit_21_hu_video_mix_home/processed/hrv/KC598959_part_2_joy.mkv,30.3
KC598959,disgust,/data/sit_21_hu_video_mix_home/processed/hrv/KC598959_part_2_disgust.mkv,30.3
KD385355,neutral,/data/sit_21_hu_video_mix_home/processed/hrv/KD385355_part_2_neutral.mkv,28.53573213393303
KD385355,joy,/data/sit_21_hu_video_mix_home/processed/hrv/KD385355_part_2_joy.mkv,27.852998065764023
KD385355,disgust,/data/sit_21_hu_video_mix_home/processed/hrv/KD385355_part_2_disgust.mkv,28.07017543859649
LP416339,neutral,/data/sit_21_hu_video_mix_home/processed/hrv/LP416339_part_2_neutral.mkv,28.510744627686154
LP416339,joy,/data/sit_21_hu_video_mix_home/processed/hrv/LP416339_part_2_joy.mkv,27.53062540296583
LP416339,disgust,/data/sit_21_hu_video_mix_home/processed/hrv/LP416339_part_2_disgust.mkv,28.130671506352087
LT276136,neutral,/data/sit_21_hu_video_mix_home/processed/hrv/LT276136_part_2_neutral.mkv,30.3
LT276136,joy,/data/sit_21_hu_video_mix_home/processed/hrv/LT276136_part_2_joy.mkv,30.3
LT276136,disgust,/data/sit_21_hu_video_mix_home/processed/hrv/LT276136_part_2_disgust.mkv,30.3
LW314229,neutral,/data/sit_21_hu_video_mix_home/processed/hrv/LW314229_part_2_neutral.mkv,30.3
LW314229,joy,/data/sit_21_hu_video_mix_home/processed/hrv/LW314229_part_2_joy.mkv,30.3
LW314229,disgust,/data/sit_21_hu_video_mix_home/processed/hrv/LW314229_part_2_disgust.mkv,30.3
MS422416,neutral,/data/sit_21_hu_video_mix_home/processed/hrv/MS422416_part_2_neutral.mkv,30.3
MS422416,joy,/data/sit_21_hu_video_mix_home/processed/hrv/MS422416_part_2_joy.mkv,30.3
MS422416,disgust,/data/sit_21_hu_video_mix_home/processed/hrv/MS422416_part_2_disgust.mkv,30.3
NH761545,neutral,/data/sit_21_hu_video_mix_home/processed/hrv/NH761545_part_2_neutral.mkv,28.885557221389302
NH761545,joy,/data/sit_21_hu_video_mix_home/processed/hrv/NH761545_part_2_joy.mkv,25.950999355254673
NH761545,disgust,/data/sit_21_hu_video_mix_home/processed/hrv/NH761545_part_2_disgust.mkv,27.8886872353297
NL598558,neutral,/data/sit_21_hu_video_mix_home/processed/hrv/NL598558_part_2_neutral.mkv,30.3
NL598558,joy,/data/sit_21_hu_video_mix_home/processed/hrv/NL598558_part_2_joy.mkv,30.3
NL598558,disgust,/data/sit_21_hu_video_mix_home/processed/hrv/NL598558_part_2_disgust.mkv,30.3
NS397755,neutral,/data/sit_21_hu_video_mix_home/processed/hrv/NS397755_part_2_neutral.mkv,30.3
NS397755,joy,/data/sit_21_hu_video_mix_home/processed/hrv/NS397755_part_2_joy.mkv,30.3
NS397755,disgust,/data/sit_21_hu_video_mix_home/processed/hrv/NS397755_part_2_disgust.mkv,30.3
PB838729,neutral,/data/sit_21_hu_video_mix_home/processed/hrv/PB838729_part_2_neutral.mkv,30.3
PB838729,joy,/data/sit_21_hu_video_mix_home/processed/hrv/PB838729_part_2_joy.mkv,30.3
PB838729,disgust,/data/sit_21_hu_video_mix_home/processed/hrv/PB838729_part_2_disgust.mkv,30.3
PK281913,neutral,/data/sit_21_hu_video_mix_home/processed/hrv/PK281913_part_2_neutral.mkv,30.3
PK281913,joy,/data/sit_21_hu_video_mix_home/processed/hrv/PK281913_part_2_joy.mkv,30.3
PK281913,disgust,/data/sit_21_hu_video_mix_home/processed/hrv/PK281913_part_2_disgust.mkv,30.3
PP667322,neutral,/data/sit_21_hu_video_mix_home/processed/hrv/PP667322_part_2_neutral.mkv,30.3
PP667322,joy,/data/sit_21_hu_video_mix_home/processed/hrv/PP667322_part_2_joy.mkv,30.3
PP667322,disgust,/data/sit_21_hu_video_mix_home/processed/hrv/PP667322_part_2_disgust.mkv,30.3
PS918811,neutral,/data/sit_21_hu_video_mix_home/processed/hrv/PS918811_part_2_neutral.mkv,30.3
PS918811,joy,/data/sit_21_hu_video_mix_home/processed/hrv/PS918811_part_2_joy.mkv,30.3
PS918811,disgust,/data/sit_21_hu_video_mix_home/processed/hrv/PS918811_part_2_disgust.mkv,30.3
QF331872,neutral,/data/sit_21_hu_video_mix_home/processed/hrv/QF331872_part_2_neutral.mkv,30.3
QF331872,joy,/data/sit_21_hu_video_mix_home/processed/hrv/QF331872_part_2_joy.mkv,30.3
QF331872,disgust,/data/sit_21_hu_video_mix_home/processed/hrv/QF331872_part_2_disgust.mkv,30.3
QL214527,neutral,/data/sit_21_hu_video_mix_home/processed/hrv/QL214527_part_2_neutral.mkv,30.3
QL214527,joy,/data/sit_21_hu_video_mix_home/processed/hrv/QL214527_part_2_joy.mkv,30.3
QL214527,disgust,/data/sit_21_hu_video_mix_home/processed/hrv/QL214527_part_2_disgust.mkv,30.3
RC782669,neutral,/data/sit_21_hu_video_mix_home/processed/hrv/RC782669_part_2_neutral.mkv,30.3
RC782669,joy,/data/sit_21_hu_video_mix_home/processed/hrv/RC782669_part_2_joy.mkv,30.3
RC782669,disgust,/data/sit_21_hu_video_mix_home/processed/hrv/RC782669_part_2_disgust.mkv,30.3
RQ113678,neutral,/data/sit_21_hu_video_mix_home/processed/hrv/RQ113678_part_2_neutral.mkv,30.3
RQ113678,joy,/data/sit_21_hu_video_mix_home/processed/hrv/RQ113678_part_2_joy.mkv,30.3
RQ113678,disgust,/data/sit_21_hu_video_mix_home/processed/hrv/RQ113678_part_2_disgust.mkv,30.3
RV423874,neutral,/data/sit_21_hu_video_mix_home/processed/hrv/RV423874_part_2_neutral.mkv,30.3
RV423874,joy,/data/sit_21_hu_video_mix_home/processed/hrv/RV423874_part_2_joy.mkv,30.3
RV423874,disgust,/data/sit_21_hu_video_mix_home/processed/hrv/RV423874_part_2_disgust.mkv,30.3
RV841636,neutral,/data/sit_21_hu_video_mix_home/processed/hrv/RV841636_part_2_neutral.mkv,30.3
RV841636,joy,/data/sit_21_hu_video_mix_home/processed/hrv/RV841636_part_2_joy.mkv,30.3
RV841636,disgust,/data/sit_21_hu_video_mix_home/processed/hrv/RV841636_part_2_disgust.mkv,30.3
RW924728,neutral,/data/sit_21_hu_video_mix_home/processed/hrv/RW924728_part_2_neutral.mkv,30.3
RW924728,joy,/data/sit_21_hu_video_mix_home/processed/hrv/RW924728_part_2_joy.mkv,30.3
RW924728,disgust,/data/sit_21_hu_video_mix_home/processed/hrv/RW924728_part_2_disgust.mkv,30.3
SA837977,neutral,/data/sit_21_hu_video_mix_home/processed/hrv/SA837977_part_2_neutral.mkv,30.3
SA837977,joy,/data/sit_21_hu_video_mix_home/processed/hrv/SA837977_part_2_joy.mkv,30.3
SA837977,disgust,/data/sit_21_hu_video_mix_home/processed/hrv/SA837977_part_2_disgust.mkv,30.3
SD615341,neutral,/data/sit_21_hu_video_mix_home/processed/hrv/SD615341_part_2_neutral.mkv,30.3
SD615341,joy,/data/sit_21_hu_video_mix_home/processed/hrv/SD615341_part_2_joy.mkv,30.3
SD615341,disgust,/data/sit_21_hu_video_mix_home/processed/hrv/SD615341_part_2_disgust.mkv,30.3
SF927458,neutral,/data/sit_21_hu_video_mix_home/processed/hrv/SF927458_part_2_neutral.mkv,30.3
SF927458,joy,/data/sit_21_hu_video_mix_home/processed/hrv/SF927458_part_2_joy.mkv,30.3
SF927458,disgust,/data/sit_21_hu_video_mix_home/processed/hrv/SF927458_part_2_disgust.mkv,30.3
SF959913,neutral,/data/sit_21_hu_video_mix_home/processed/hrv/SF959913_part_2_neutral.mkv,30.3
SF959913,joy,/data/sit_21_hu_video_mix_home/processed/hrv/SF959913_part_2_joy.mkv,30.3
SF959913,disgust,/data/sit_21_hu_video_mix_home/processed/hrv/SF959913_part_2_disgust.mkv,30.3
SL123551,neutral,/data/sit_21_hu_video_mix_home/processed/hrv/SL123551_part_2_neutral.mkv,30.3
SL123551,joy,/data/sit_21_hu_video_mix_home/processed/hrv/SL123551_part_2_joy.mkv,30.3
SL123551,disgust,/data/sit_21_hu_video_mix_home/processed/hrv/SL123551_part_2_disgust.mkv,30.3
SL517359,neutral,/data/sit_21_hu_video_mix_home/processed/hrv/SL517359_part_2_neutral.mkv,30.3
SL517359,joy,/data/sit_21_hu_video_mix_home/processed/hrv/SL517359_part_2_joy.mkv,30.3
SL517359,disgust,/data/sit_21_hu_video_mix_home/processed/hrv/SL517359_part_2_disgust.mkv,30.3
SL812218,neutral,/data/sit_21_hu_video_mix_home/processed/hrv/SL812218_part_2_neutral.mkv,30.3
SL812218,joy,/data/sit_21_hu_video_mix_home/processed/hrv/SL812218_part_2_joy.mkv,30.3
SL812218,disgust,/data/sit_21_hu_video_mix_home/processed/hrv/SL812218_part_2_disgust.mkv,30.3
SM271483,neutral,/data/sit_21_hu_video_mix_home/processed/hrv/SM271483_part_2_neutral.mkv,30.3
SM271483,joy,/data/sit_21_hu_video_mix_home/processed/hrv/SM271483_part_2_joy.mkv,30.3
SM271483,disgust,/data/sit_21_hu_video_mix_home/processed/hrv/SM271483_part_2_disgust.mkv,30.3
ST268519,neutral,/data/sit_21_hu_video_mix_home/processed/hrv/ST268519_part_2_neutral.mkv,30.3
ST268519,joy,/data/sit_21_hu_video_mix_home/processed/hrv/ST268519_part_2_joy.mkv,30.3
ST268519,disgust,/data/sit_21_hu_video_mix_home/processed/hrv/ST268519_part_2_disgust.mkv,30.3
SU346453,neutral,/data/sit_21_hu_video_mix_home/processed/hrv/SU346453_part_2_neutral.mkv,30.3
SU346453,joy,/data/sit_21_hu_video_mix_home/processed/hrv/SU346453_part_2_joy.mkv,30.3
SU346453,disgust,/data/sit_21_hu_video_mix_home/processed/hrv/SU346453_part_2_disgust.mkv,30.3
SV158823,neutral,/data/sit_21_hu_video_mix_home/processed/hrv/SV158823_part_2_neutral.mkv,30.3
SV158823,joy,/data/sit_21_hu_video_mix_home/processed/hrv/SV158823_part_2_joy.mkv,30.3
SV158823,disgust,/data/sit_21_hu_video_mix_home/processed/hrv/SV158823_part_2_disgust.mkv,30.3
SW137287,neutral,/data/sit_21_hu_video_mix_home/processed/hrv/SW137287_part_2_neutral.mkv,30.3
SW137287,joy,/data/sit_21_hu_video_mix_home/processed/hrv/SW137287_part_2_joy.mkv,30.3
SW137287,disgust,/data/sit_21_hu_video_mix_home/processed/hrv/SW137287_part_2_disgust.mkv,30.3
TD218281,neutral,/data/sit_21_hu_video_mix_home/processed/hrv/TD218281_part_2_neutral.mkv,30.3
TD218281,joy,/data/sit_21_hu_video_mix_home/processed/hrv/TD218281_part_2_joy.mkv,30.3
TD218281,disgust,/data/sit_21_hu_video_mix_home/processed/hrv/TD218281_part_2_disgust.mkv,30.3
TL954363,neutral,/data/sit_21_hu_video_mix_home/processed/hrv/TL954363_part_2_neutral.mkv,30.0
TL954363,joy,/data/sit_21_hu_video_mix_home/processed/hrv/TL954363_part_2_joy.mkv,30.0
TL954363,disgust,/data/sit_21_hu_video_mix_home/processed/hrv/TL954363_part_2_disgust.mkv,30.0
TN748325,neutral,/data/sit_21_hu_video_mix_home/processed/hrv/TN748325_part_2_neutral.mkv,30.3
TN748325,joy,/data/sit_21_hu_video_mix_home/processed/hrv/TN748325_part_2_joy.mkv,30.3
TN748325,disgust,/data/sit_21_hu_video_mix_home/processed/hrv/TN748325_part_2_disgust.mkv,30.3
TX114639,neutral,/data/sit_21_hu_video_mix_home/processed/hrv/TX114639_part_2_neutral.mkv,30.3
TX114639,joy,/data/sit_21_hu_video_mix_home/processed/hrv/TX114639_part_2_joy.mkv,30.3
TX114639,disgust,/data/sit_21_hu_video_mix_home/processed/hrv/TX114639_part_2_disgust.mkv,30.3
TZ662131,neutral,/data/sit_21_hu_video_mix_home/processed/hrv/TZ662131_part_2_neutral.mkv,30.0
TZ662131,joy,/data/sit_21_hu_video_mix_home/processed/hrv/TZ662131_part_2_joy.mkv,30.0
TZ662131,disgust,/data/sit_21_hu_video_mix_home/processed/hrv/TZ662131_part_2_disgust.mkv,30.0
UA333457,neutral,/data/sit_21_hu_video_mix_home/processed/hrv/UA333457_part_2_neutral.mkv,30.0
UA333457,joy,/data/sit_21_hu_video_mix_home/processed/hrv/UA333457_part_2_joy.mkv,30.0
UA333457,disgust,/data/sit_21_hu_video_mix_home/processed/hrv/UA333457_part_2_disgust.mkv,30.0
UB581723 ,neutral,/data/sit_21_hu_video_mix_home/processed/hrv/UB581723 _part_2_neutral.mkv,30.3
UB581723 ,joy,/data/sit_21_hu_video_mix_home/processed/hrv/UB581723 _part_2_joy.mkv,30.3
UB581723 ,disgust,/data/sit_21_hu_video_mix_home/processed/hrv/UB581723 _part_2_disgust.mkv,30.3
UB992628,neutral,/data/sit_21_hu_video_mix_home/processed/hrv/UB992628_part_2_neutral.mkv,30.3
UB992628,joy,/data/sit_21_hu_video_mix_home/processed/hrv/UB992628_part_2_joy.mkv,30.3
UB992628,disgust,/data/sit_21_hu_video_mix_home/processed/hrv/UB992628_part_2_disgust.mkv,30.3
UD534715,neutral,/data/sit_21_hu_video_mix_home/processed/hrv/UD534715_part_2_neutral.mkv,30.0
UD534715,joy,/data/sit_21_hu_video_mix_home/processed/hrv/UD534715_part_2_joy.mkv,30.0
UD534715,disgust,/data/sit_21_hu_video_mix_home/processed/hrv/UD534715_part_2_disgust.mkv,30.0
UE817176,neutral,/data/sit_21_hu_video_mix_home/processed/hrv/UE817176_part_2_neutral.mkv,30.3
UE817176,joy,/data/sit_21_hu_video_mix_home/processed/hrv/UE817176_part_2_joy.mkv,30.3
UE817176,disgust,/data/sit_21_hu_video_mix_home/processed/hrv/UE817176_part_2_disgust.mkv,30.3
UF827463,neutral,/data/sit_21_hu_video_mix_home/processed/hrv/UF827463_part_2_neutral.mkv,30.3
UF827463,joy,/data/sit_21_hu_video_mix_home/processed/hrv/UF827463_part_2_joy.mkv,30.3
UF827463,disgust,/data/sit_21_hu_video_mix_home/processed/hrv/UF827463_part_2_disgust.mkv,30.3
UG429428,neutral,/data/sit_21_hu_video_mix_home/processed/hrv/UG429428_part_2_neutral.mkv,29.995004995004997
UG429428,joy,/data/sit_21_hu_video_mix_home/processed/hrv/UG429428_part_2_joy.mkv,29.3719806763285
UG429428,disgust,/data/sit_21_hu_video_mix_home/processed/hrv/UG429428_part_2_disgust.mkv,29.730547986678776
UG949443,neutral,/data/sit_21_hu_video_mix_home/processed/hrv/UG949443_part_2_neutral.mkv,30.3
UG949443,joy,/data/sit_21_hu_video_mix_home/processed/hrv/UG949443_part_2_joy.mkv,30.3
UG949443,disgust,/data/sit_21_hu_video_mix_home/processed/hrv/UG949443_part_2_disgust.mkv,30.3
US366349,neutral,/data/sit_21_hu_video_mix_home/processed/hrv/US366349_part_2_neutral.mkv,30.3
US366349,joy,/data/sit_21_hu_video_mix_home/processed/hrv/US366349_part_2_joy.mkv,30.3
US366349,disgust,/data/sit_21_hu_video_mix_home/processed/hrv/US366349_part_2_disgust.mkv,30.3
UV368972,neutral,/data/sit_21_hu_video_mix_home/processed/hrv/UV368972_part_2_neutral.mkv,30.3
UV368972,joy,/data/sit_21_hu_video_mix_home/processed/hrv/UV368972_part_2_joy.mkv,30.3
UV368972,disgust,/data/sit_21_hu_video_mix_home/processed/hrv/UV368972_part_2_disgust.mkv,30.3
UV663516,neutral,/data/sit_21_hu_video_mix_home/processed/hrv/UV663516_part_2_neutral.mkv,30.3
UV663516,joy,/data/sit_21_hu_video_mix_home/processed/hrv/UV663516_part_2_joy.mkv,30.3
UV663516,disgust,/data/sit_21_hu_video_mix_home/processed/hrv/UV663516_part_2_disgust.mkv,30.3
UW015672,neutral,/data/sit_21_hu_video_mix_home/processed/hrv/UW015672_part_2_neutral.mkv,29.110444777611193
UW015672,joy,/data/sit_21_hu_video_mix_home/processed/hrv/UW015672_part_2_joy.mkv,26.11218568665377
UW015672,disgust,/data/sit_21_hu_video_mix_home/processed/hrv/UW015672_part_2_disgust.mkv,27.9491833030853
UX169241,neutral,/data/sit_21_hu_video_mix_home/processed/hrv/UX169241_part_2_neutral.mkv,30.3
UX169241,joy,/data/sit_21_hu_video_mix_home/processed/hrv/UX169241_part_2_joy.mkv,30.3
UX169241,disgust,/data/sit_21_hu_video_mix_home/processed/hrv/UX169241_part_2_disgust.mkv,30.3
VA087261,neutral,/data/sit_21_hu_video_mix_home/processed/hrv/VA087261_part_2_neutral.mkv,28.660669665167415
VA087261,joy,/data/sit_21_hu_video_mix_home/processed/hrv/VA087261_part_2_joy.mkv,28.1431334622824
VA087261,disgust,/data/sit_21_hu_video_mix_home/processed/hrv/VA087261_part_2_disgust.mkv,25.89231699939504
VA237631,neutral,/data/sit_21_hu_video_mix_home/processed/hrv/VA237631_part_2_neutral.mkv,30.3
VA237631,joy,/data/sit_21_hu_video_mix_home/processed/hrv/VA237631_part_2_joy.mkv,30.3
VA237631,disgust,/data/sit_21_hu_video_mix_home/processed/hrv/VA237631_part_2_disgust.mkv,30.3
VQ387961,neutral,/data/sit_21_hu_video_mix_home/processed/hrv/VQ387961_part_2_neutral.mkv,30.452160879340493
VQ387961,joy,/data/sit_21_hu_video_mix_home/processed/hrv/VQ387961_part_2_joy.mkv,27.521753142120527
VQ387961,disgust,/data/sit_21_hu_video_mix_home/processed/hrv/VQ387961_part_2_disgust.mkv,28.809451681308698
VV135558,neutral,/data/sit_21_hu_video_mix_home/processed/hrv/VV135558_part_2_neutral.mkv,30.3
VV135558,joy,/data/sit_21_hu_video_mix_home/processed/hrv/VV135558_part_2_joy.mkv,30.3
VV135558,disgust,/data/sit_21_hu_video_mix_home/processed/hrv/VV135558_part_2_disgust.mkv,30.3
VZ895495,neutral,/data/sit_21_hu_video_mix_home/processed/hrv/VZ895495_part_2_neutral.mkv,30.3
VZ895495,joy,/data/sit_21_hu_video_mix_home/processed/hrv/VZ895495_part_2_joy.mkv,30.3
VZ895495,disgust,/data/sit_21_hu_video_mix_home/processed/hrv/VZ895495_part_2_disgust.mkv,30.3
WE982946,neutral,/data/sit_21_hu_video_mix_home/processed/hrv/WE982946_part_2_neutral.mkv,30.459770114942526
WE982946,joy,/data/sit_21_hu_video_mix_home/processed/hrv/WE982946_part_2_joy.mkv,27.53062540296583
WE982946,disgust,/data/sit_21_hu_video_mix_home/processed/hrv/WE982946_part_2_disgust.mkv,26.966292134831463
WF147268,neutral,/data/sit_21_hu_video_mix_home/processed/hrv/WF147268_part_2_neutral.mkv,30.0
WF147268,joy,/data/sit_21_hu_video_mix_home/processed/hrv/WF147268_part_2_joy.mkv,30.0
WF147268,disgust,/data/sit_21_hu_video_mix_home/processed/hrv/WF147268_part_2_disgust.mkv,30.0
WW261438,neutral,/data/sit_21_hu_video_mix_home/processed/hrv/WW261438_part_2_neutral.mkv,30.459770114942526
WW261438,joy,/data/sit_21_hu_video_mix_home/processed/hrv/WW261438_part_2_joy.mkv,27.53062540296583
WW261438,disgust,/data/sit_21_hu_video_mix_home/processed/hrv/WW261438_part_2_disgust.mkv,28.765880217785842
WX936452,neutral,/data/sit_21_hu_video_mix_home/processed/hrv/WX936452_part_2_neutral.mkv,28.935532233883055
WX936452,joy,/data/sit_21_hu_video_mix_home/processed/hrv/WX936452_part_2_joy.mkv,26.047711154094134
WX936452,disgust,/data/sit_21_hu_video_mix_home/processed/hrv/WX936452_part_2_disgust.mkv,27.43496672716273
WY693934,neutral,/data/sit_21_hu_video_mix_home/processed/hrv/WY693934_part_2_neutral.mkv,30.3
WY693934,joy,/data/sit_21_hu_video_mix_home/processed/hrv/WY693934_part_2_joy.mkv,30.3
WY693934,disgust,/data/sit_21_hu_video_mix_home/processed/hrv/WY693934_part_2_disgust.mkv,30.3
XF969267,neutral,/data/sit_21_hu_video_mix_home/processed/hrv/XF969267_part_2_neutral.mkv,30.3
XF969267,joy,/data/sit_21_hu_video_mix_home/processed/hrv/XF969267_part_2_joy.mkv,30.3
XF969267,disgust,/data/sit_21_hu_video_mix_home/processed/hrv/XF969267_part_2_disgust.mkv,30.3
XK988979,neutral,/data/sit_21_hu_video_mix_home/processed/hrv/XK988979_part_2_neutral.mkv,30.0
XK988979,joy,/data/sit_21_hu_video_mix_home/processed/hrv/XK988979_part_2_joy.mkv,30.0
XK988979,disgust,/data/sit_21_hu_video_mix_home/processed/hrv/XK988979_part_2_disgust.mkv,30.0
XQ948445,neutral,/data/sit_21_hu_video_mix_home/processed/hrv/XQ948445_part_2_neutral.mkv,30.3
XQ948445,joy,/data/sit_21_hu_video_mix_home/processed/hrv/XQ948445_part_2_joy.mkv,30.3
XQ948445,disgust,/data/sit_21_hu_video_mix_home/processed/hrv/XQ948445_part_2_disgust.mkv,30.3
XR573957,neutral,/data/sit_21_hu_video_mix_home/processed/hrv/XR573957_part_2_neutral.mkv,28.81059470264867
XR573957,joy,/data/sit_21_hu_video_mix_home/processed/hrv/XR573957_part_2_joy.mkv,25.402965828497745
XR573957,disgust,/data/sit_21_hu_video_mix_home/processed/hrv/XR573957_part_2_disgust.mkv,26.4367816091954
XS784443,neutral,/data/sit_21_hu_video_mix_home/processed/hrv/XS784443_part_2_neutral.mkv,28.885557221389302
XS784443,joy,/data/sit_21_hu_video_mix_home/processed/hrv/XS784443_part_2_joy.mkv,25.72533849129594
XS784443,disgust,/data/sit_21_hu_video_mix_home/processed/hrv/XS784443_part_2_disgust.mkv,27.162734422262552
XU914716,neutral,/data/sit_21_hu_video_mix_home/processed/hrv/XU914716_part_2_neutral.mkv,28.31084457771114
XU914716,joy,/data/sit_21_hu_video_mix_home/processed/hrv/XU914716_part_2_joy.mkv,25.72533849129594
XU914716,disgust,/data/sit_21_hu_video_mix_home/processed/hrv/XU914716_part_2_disgust.mkv,26.709013914095582
XW451529,neutral,/data/sit_21_hu_video_mix_home/processed/hrv/XW451529_part_2_neutral.mkv,28.760619690154922
XW451529,joy,/data/sit_21_hu_video_mix_home/processed/hrv/XW451529_part_2_joy.mkv,27.176015473887816
XW451529,disgust,/data/sit_21_hu_video_mix_home/processed/hrv/XW451529_part_2_disgust.mkv,28.433151845130066
XW733391,neutral,/data/sit_21_hu_video_mix_home/processed/hrv/XW733391_part_2_neutral.mkv,30.3
XW733391,joy,/data/sit_21_hu_video_mix_home/processed/hrv/XW733391_part_2_joy.mkv,30.3
XW733391,disgust,/data/sit_21_hu_video_mix_home/processed/hrv/XW733391_part_2_disgust.mkv,30.3
YA165627,neutral,/data/sit_21_hu_video_mix_home/processed/hrv/YA165627_part_2_neutral.mkv,30.459770114942526
YA165627,joy,/data/sit_21_hu_video_mix_home/processed/hrv/YA165627_part_2_joy.mkv,27.53062540296583
YA165627,disgust,/data/sit_21_hu_video_mix_home/processed/hrv/YA165627_part_2_disgust.mkv,28.765880217785842
YE651423,neutral,/data/sit_21_hu_video_mix_home/processed/hrv/YE651423_part_2_neutral.mkv,30.3
YE651423,joy,/data/sit_21_hu_video_mix_home/processed/hrv/YE651423_part_2_joy.mkv,30.3
YE651423,disgust,/data/sit_21_hu_video_mix_home/processed/hrv/YE651423_part_2_disgust.mkv,30.3
YG966579,neutral,/data/sit_21_hu_video_mix_home/processed/hrv/YG966579_part_2_neutral.mkv,30.3
YG966579,joy,/data/sit_21_hu_video_mix_home/processed/hrv/YG966579_part_2_joy.mkv,30.3
YG966579,disgust,/data/sit_21_hu_video_mix_home/processed/hrv/YG966579_part_2_disgust.mkv,30.3
YM764137,neutral,/data/sit_21_hu_video_mix_home/processed/hrv/YM764137_part_2_neutral.mkv,30.3
YM764137,joy,/data/sit_21_hu_video_mix_home/processed/hrv/YM764137_part_2_joy.mkv,30.3
YM764137,disgust,/data/sit_21_hu_video_mix_home/processed/hrv/YM764137_part_2_disgust.mkv,30.3
YN534972,neutral,/data/sit_21_hu_video_mix_home/processed/hrv/YN534972_part_2_neutral.mkv,30.3
YN534972,joy,/data/sit_21_hu_video_mix_home/processed/hrv/YN534972_part_2_joy.mkv,30.3
YN534972,disgust,/data/sit_21_hu_video_mix_home/processed/hrv/YN534972_part_2_disgust.mkv,30.3
YR181376,neutral,/data/sit_21_hu_video_mix_home/processed/hrv/YR181376_part_2_neutral.mkv,30.3
YR181376,joy,/data/sit_21_hu_video_mix_home/processed/hrv/YR181376_part_2_joy.mkv,30.3
YR181376,disgust,/data/sit_21_hu_video_mix_home/processed/hrv/YR181376_part_2_disgust.mkv,30.3
YT122559,neutral,/data/sit_21_hu_video_mix_home/processed/hrv/YT122559_part_2_neutral.mkv,30.3
YT122559,joy,/data/sit_21_hu_video_mix_home/processed/hrv/YT122559_part_2_joy.mkv,30.3
YT122559,disgust,/data/sit_21_hu_video_mix_home/processed/hrv/YT122559_part_2_disgust.mkv,30.3
YU759482,neutral,/data/sit_21_hu_video_mix_home/processed/hrv/YU759482_part_2_neutral.mkv,30.3
YU759482,joy,/data/sit_21_hu_video_mix_home/processed/hrv/YU759482_part_2_joy.mkv,30.3
YU759482,disgust,/data/sit_21_hu_video_mix_home/processed/hrv/YU759482_part_2_disgust.mkv,30.3
YZ213537,neutral,/data/sit_21_hu_video_mix_home/processed/hrv/YZ213537_part_2_neutral.mkv,30.3
YZ213537,joy,/data/sit_21_hu_video_mix_home/processed/hrv/YZ213537_part_2_joy.mkv,30.3
YZ213537,disgust,/data/sit_21_hu_video_mix_home/processed/hrv/YZ213537_part_2_disgust.mkv,30.3
ZC477868,neutral,/data/sit_21_hu_video_mix_home/processed/hrv/ZC477868_part_2_neutral.mkv,30.3
ZC477868,joy,/data/sit_21_hu_video_mix_home/processed/hrv/ZC477868_part_2_joy.mkv,30.3
ZC477868,disgust,/data/sit_21_hu_video_mix_home/processed/hrv/ZC477868_part_2_disgust.mkv,30.3
ZS915125,neutral,/data/sit_21_hu_video_mix_home/processed/hrv/ZS915125_part_2_neutral.mkv,30.3
ZS915125,joy,/data/sit_21_hu_video_mix_home/processed/hrv/ZS915125_part_2_joy.mkv,30.3
ZS915125,disgust,/data/sit_21_hu_video_mix_home/processed/hrv/ZS915125_part_2_disgust.mkv,30.3
ZX622868,neutral,/data/sit_21_hu_video_mix_home/processed/hrv/ZX622868_part_2_neutral.mkv,30.0
ZX622868,joy,/data/sit_21_hu_video_mix_home/processed/hrv/ZX622868_part_2_joy.mkv,30.0
ZX622868,disgust,/data/sit_21_hu_video_mix_home/processed/hrv/ZX622868_part_2_disgust.mkv,30.0
01-030,neutral,/data/sit_22_hu_video_mix_lab/processed/hrv/01-030_part_2_neutral.mkv,29.010494752623686
01-030,joy,/data/sit_22_hu_video_mix_lab/processed/hrv/01-030_part_2_joy.mkv,26.20889748549323
01-030,disgust,/data/sit_22_hu_video_mix_lab/processed/hrv/01-030_part_2_disgust.mkv,27.9491833030853
01-037,neutral,/data/sit_22_hu_video_mix_lab/processed/hrv/01-037_part_2_neutral.mkv,28.38580709645177
01-037,joy,/data/sit_22_hu_video_mix_lab/processed/hrv/01-037_part_2_joy.mkv,27.820760799484205
01-037,disgust,/data/sit_22_hu_video_mix_lab/processed/hrv/01-037_part_2_disgust.mkv,25.83182093163944
01-055,neutral,/data/sit_22_hu_video_mix_lab/processed/hrv/01-055_part_2_neutral.mkv,30.3
01-055,joy,/data/sit_22_hu_video_mix_lab/processed/hrv/01-055_part_2_joy.mkv,30.3
01-055,disgust,/data/sit_22_hu_video_mix_lab/processed/hrv/01-055_part_2_disgust.mkv,30.3
01-082,neutral,/data/sit_22_hu_video_mix_lab/processed/hrv/01-082_part_2_neutral.mkv,30.3
01-082,joy,/data/sit_22_hu_video_mix_lab/processed/hrv/01-082_part_2_joy.mkv,30.3
01-082,disgust,/data/sit_22_hu_video_mix_lab/processed/hrv/01-082_part_2_disgust.mkv,30.3
01-096,neutral,/data/sit_22_hu_video_mix_lab/processed/hrv/01-096_part_2_neutral.mkv,30.3
01-096,joy,/data/sit_22_hu_video_mix_lab/processed/hrv/01-096_part_2_joy.mkv,30.3
01-096,disgust,/data/sit_22_hu_video_mix_lab/processed/hrv/01-096_part_2_disgust.mkv,30.3
91-001,neutral,/data/sit_22_hu_video_mix_lab/processed/hrv/91-001_part_2_neutral.mkv,30.459770114942526
91-001,joy,/data/sit_22_hu_video_mix_lab/processed/hrv/91-001_part_2_joy.mkv,27.53062540296583
91-001,disgust,/data/sit_22_hu_video_mix_lab/processed/hrv/91-001_part_2_disgust.mkv,28.765880217785842
91-007,neutral,/data/sit_22_hu_video_mix_lab/processed/hrv/91-007_part_2_neutral.mkv,28.83558220889555
91-007,joy,/data/sit_22_hu_video_mix_lab/processed/hrv/91-007_part_2_joy.mkv,28.529980657640234
91-007,disgust,/data/sit_22_hu_video_mix_lab/processed/hrv/91-007_part_2_disgust.mkv,26.55777374470659
91-057,neutral,/data/sit_22_hu_video_mix_lab/processed/hrv/91-057_part_2_neutral.mkv,30.3
91-057,joy,/data/sit_22_hu_video_mix_lab/processed/hrv/91-057_part_2_joy.mkv,30.3
91-057,disgust,/data/sit_22_hu_video_mix_lab/processed/hrv/91-057_part_2_disgust.mkv,30.3
91-060,neutral,/data/sit_22_hu_video_mix_lab/processed/hrv/91-060_part_3_neutral.mkv,30.3
91-060,joy,/data/sit_22_hu_video_mix_lab/processed/hrv/91-060_part_3_joy.mkv,30.3
91-060,disgust,/data/sit_22_hu_video_mix_lab/processed/hrv/91-060_part_3_disgust.mkv,30.3
91-063,neutral,/data/sit_22_hu_video_mix_lab/processed/hrv/91-063_part_2_neutral.mkv,30.3
91-063,joy,/data/sit_22_hu_video_mix_lab/processed/hrv/91-063_part_2_joy.mkv,30.3
91-063,disgust,/data/sit_22_hu_video_mix_lab/processed/hrv/91-063_part_2_disgust.mkv,30.3
91-076,neutral,/data/sit_22_hu_video_mix_lab/processed/hrv/91-076_part_2_neutral.mkv,30.3
91-076,joy,/data/sit_22_hu_video_mix_lab/processed/hrv/91-076_part_2_joy.mkv,30.3
91-076,disgust,/data/sit_22_hu_video_mix_lab/processed/hrv/91-076_part_2_disgust.mkv,30.3
PRE-81-029,neutral,/data/sit_22_hu_video_mix_lab/processed/hrv/PRE-81-029_part_3_neutral.mkv,30.3
PRE-81-029,joy,/data/sit_22_hu_video_mix_lab/processed/hrv/PRE-81-029_part_3_joy.mkv,30.3
PRE-81-029,disgust,/data/sit_22_hu_video_mix_lab/processed/hrv/PRE-81-029_part_3_disgust.mkv,30.3
PRE-91-035,neutral,/data/sit_22_hu_video_mix_lab/processed/hrv/PRE-91-035_part_2_neutral.mkv,30.3
PRE-91-035,joy,/data/sit_22_hu_video_mix_lab/processed/hrv/PRE-91-035_part_2_joy.mkv,30.3
PRE-91-035,disgust,/data/sit_22_hu_video_mix_lab/processed/hrv/PRE-91-035_part_2_disgust.mkv,30.3
PRE-91-041,neutral,/data/sit_22_hu_video_mix_lab/processed/hrv/PRE-91-041_part_2_neutral.mkv,30.3
PRE-91-041,joy,/data/sit_22_hu_video_mix_lab/processed/hrv/PRE-91-041_part_2_joy.mkv,30.3
PRE-91-041,disgust,/data/sit_22_hu_video_mix_lab/processed/hrv/PRE-91-041_part_2_disgust.mkv,30.3
pre,neutral,/data/sit_22_hu_video_mix_lab/processed/hrv/pre_01_073_part_2_neutral.mkv,27.936031984007993
pre,joy,/data/sit_22_hu_video_mix_lab/processed/hrv/pre_01_073_part_2_joy.mkv,26.30560928433269
pre,disgust,/data/sit_22_hu_video_mix_lab/processed/hrv/pre_01_073_part_2_disgust.mkv,26.618269812462188
pre-01-001,neutral,/data/sit_22_hu_video_mix_lab/processed/hrv/pre-01-001_part_2_neutral.mkv,29.110444777611193
pre-01-001,joy,/data/sit_22_hu_video_mix_lab/processed/hrv/pre-01-001_part_2_joy.mkv,26.11218568665377
pre-01-001,disgust,/data/sit_22_hu_video_mix_lab/processed/hrv/pre-01-001_part_2_disgust.mkv,27.9491833030853
pre-01-002,neutral,/data/sit_22_hu_video_mix_lab/processed/hrv/pre-01-002_part_2_neutral.mkv,28.660669665167415
pre-01-002,joy,/data/sit_22_hu_video_mix_lab/processed/hrv/pre-01-002_part_2_joy.mkv,28.1431334622824
pre-01-002,disgust,/data/sit_22_hu_video_mix_lab/processed/hrv/pre-01-002_part_2_disgust.mkv,25.89231699939504
pre-01-007,neutral,/data/sit_22_hu_video_mix_lab/processed/hrv/pre-01-007_part_2_neutral.mkv,30.452160879340493
pre-01-007,joy,/data/sit_22_hu_video_mix_lab/processed/hrv/pre-01-007_part_2_joy.mkv,27.521753142120527
pre-01-007,disgust,/data/sit_22_hu_video_mix_lab/processed/hrv/pre-01-007_part_2_disgust.mkv,28.809451681308698
pre-01-008,neutral,/data/sit_22_hu_video_mix_lab/processed/hrv/pre-01-008_part_2_neutral.mkv,30.459770114942526
pre-01-008,joy,/data/sit_22_hu_video_mix_lab/processed/hrv/pre-01-008_part_2_joy.mkv,27.53062540296583
pre-01-008,disgust,/data/sit_22_hu_video_mix_lab/processed/hrv/pre-01-008_part_2_disgust.mkv,28.765880217785842
pre-01-009,neutral,/data/sit_22_hu_video_mix_lab/processed/hrv/pre-01-009_part_2_neutral.mkv,30.459770114942526
pre-01-009,joy,/data/sit_22_hu_video_mix_lab/processed/hrv/pre-01-009_part_2_joy.mkv,27.53062540296583
pre-01-009,disgust,/data/sit_22_hu_video_mix_lab/processed/hrv/pre-01-009_part_2_disgust.mkv,28.765880217785842
pre-01-012,neutral,/data/sit_22_hu_video_mix_lab/processed/hrv/pre-01-012_part_2_neutral.mkv,30.3
pre-01-012,joy,/data/sit_22_hu_video_mix_lab/processed/hrv/pre-01-012_part_2_joy.mkv,30.3
pre-01-012,disgust,/data/sit_22_hu_video_mix_lab/processed/hrv/pre-01-012_part_2_disgust.mkv,30.3
pre-01-013,neutral,/data/sit_22_hu_video_mix_lab/processed/hrv/pre-01-013_part_2_neutral.mkv,28.935532233883055
pre-01-013,joy,/data/sit_22_hu_video_mix_lab/processed/hrv/pre-01-013_part_2_joy.mkv,26.047711154094134
pre-01-013,disgust,/data/sit_22_hu_video_mix_lab/processed/hrv/pre-01-013_part_2_disgust.mkv,27.43496672716273
pre-01-014,neutral,/data/sit_22_hu_video_mix_lab/processed/hrv/pre-01-014_part_2_neutral.mkv,30.459770114942526
pre-01-014,joy,/data/sit_22_hu_video_mix_lab/processed/hrv/pre-01-014_part_2_joy.mkv,27.53062540296583
pre-01-014,disgust,/data/sit_22_hu_video_mix_lab/processed/hrv/pre-01-014_part_2_disgust.mkv,28.765880217785842
pre-01-015,neutral,/data/sit_22_hu_video_mix_lab/processed/hrv/pre-01-015_part_2_neutral.mkv,28.81059470264867
pre-01-015,joy,/data/sit_22_hu_video_mix_lab/processed/hrv/pre-01-015_part_2_joy.mkv,25.402965828497745
pre-01-015,disgust,/data/sit_22_hu_video_mix_lab/processed/hrv/pre-01-015_part_2_disgust.mkv,26.4367816091954
pre-01-019,neutral,/data/sit_22_hu_video_mix_lab/processed/hrv/pre-01-019_part_2_neutral.mkv,28.860569715142425
pre-01-019,joy,/data/sit_22_hu_video_mix_lab/processed/hrv/pre-01-019_part_2_joy.mkv,25.918762088974855
pre-01-019,disgust,/data/sit_22_hu_video_mix_lab/processed/hrv/pre-01-019_part_2_disgust.mkv,27.31397459165154
pre-01-020,neutral,/data/sit_22_hu_video_mix_lab/processed/hrv/pre-01-020_part_2_neutral.mkv,29.185407296351823
pre-01-020,joy,/data/sit_22_hu_video_mix_lab/processed/hrv/pre-01-020_part_2_joy.mkv,26.660219213410702
pre-01-020,disgust,/data/sit_22_hu_video_mix_lab/processed/hrv/pre-01-020_part_2_disgust.mkv,28.49364791288566
pre-01-026,neutral,/data/sit_22_hu_video_mix_lab/processed/hrv/pre-01-026_part_2_neutral.mkv,28.885557221389302
pre-01-026,joy,/data/sit_22_hu_video_mix_lab/processed/hrv/pre-01-026_part_2_joy.mkv,25.72533849129594
pre-01-026,disgust,/data/sit_22_hu_video_mix_lab/processed/hrv/pre-01-026_part_2_disgust.mkv,27.162734422262552
pre-01-027,neutral,/data/sit_22_hu_video_mix_lab/processed/hrv/pre-01-027_part_2_neutral.mkv,28.31084457771114
pre-01-027,joy,/data/sit_22_hu_video_mix_lab/processed/hrv/pre-01-027_part_2_joy.mkv,25.72533849129594
pre-01-027,disgust,/data/sit_22_hu_video_mix_lab/processed/hrv/pre-01-027_part_2_disgust.mkv,26.709013914095582
pre-01-028,neutral,/data/sit_22_hu_video_mix_lab/processed/hrv/pre-01-028_part_2_neutral.mkv,28.510744627686154
pre-01-028,joy,/data/sit_22_hu_video_mix_lab/processed/hrv/pre-01-028_part_2_joy.mkv,28.01418439716312
pre-01-028,disgust,/data/sit_22_hu_video_mix_lab/processed/hrv/pre-01-028_part_2_disgust.mkv,25.801572897761645
pre-01-031,neutral,/data/sit_22_hu_video_mix_lab/processed/hrv/pre-01-031_part_2_neutral.mkv,28.585707146426785
pre-01-031,joy,/data/sit_22_hu_video_mix_lab/processed/hrv/pre-01-031_part_2_joy.mkv,27.885235332043845
pre-01-031,disgust,/data/sit_22_hu_video_mix_lab/processed/hrv/pre-01-031_part_2_disgust.mkv,25.620084694494857
pre-01-041,neutral,/data/sit_22_hu_video_mix_lab/processed/hrv/pre-01-041_part_2_neutral.mkv,30.3
pre-01-041,joy,/data/sit_22_hu_video_mix_lab/processed/hrv/pre-01-041_part_2_joy.mkv,30.3
pre-01-041,disgust,/data/sit_22_hu_video_mix_lab/processed/hrv/pre-01-041_part_2_disgust.mkv,30.3
pre-01-061,neutral,/data/sit_22_hu_video_mix_lab/processed/hrv/pre-01-061_part_3_neutral.mkv,30.3
pre-01-061,joy,/data/sit_22_hu_video_mix_lab/processed/hrv/pre-01-061_part_3_joy.mkv,30.3
pre-01-061,disgust,/data/sit_22_hu_video_mix_lab/processed/hrv/pre-01-061_part_3_disgust.mkv,30.3
pre-01-062,neutral,/data/sit_22_hu_video_mix_lab/processed/hrv/pre-01-062_part_2_neutral.mkv,30.3
pre-01-062,joy,/data/sit_22_hu_video_mix_lab/processed/hrv/pre-01-062_part_2_joy.mkv,30.3
pre-01-062,disgust,/data/sit_22_hu_video_mix_lab/processed/hrv/pre-01-062_part_2_disgust.mkv,30.3
pre-01-068,neutral,/data/sit_22_hu_video_mix_lab/processed/hrv/pre-01-068_part_2_neutral.mkv,30.3
pre-01-068,joy,/data/sit_22_hu_video_mix_lab/processed/hrv/pre-01-068_part_2_joy.mkv,30.3
pre-01-068,disgust,/data/sit_22_hu_video_mix_lab/processed/hrv/pre-01-068_part_2_disgust.mkv,30.3
pre-01-070,neutral,/data/sit_22_hu_video_mix_lab/processed/hrv/pre-01-070_part_2_neutral.mkv,30.3
pre-01-070,joy,/data/sit_22_hu_video_mix_lab/processed/hrv/pre-01-070_part_2_joy.mkv,30.3
pre-01-070,disgust,/data/sit_22_hu_video_mix_lab/processed/hrv/pre-01-070_part_2_disgust.mkv,30.3
pre-01-077,neutral,/data/sit_22_hu_video_mix_lab/processed/hrv/pre-01-077_part_2_neutral.mkv,30.3
pre-01-077,joy,/data/sit_22_hu_video_mix_lab/processed/hrv/pre-01-077_part_2_joy.mkv,30.3
pre-01-077,disgust,/data/sit_22_hu_video_mix_lab/processed/hrv/pre-01-077_part_2_disgust.mkv,30.3
pre-01-079,neutral,/data/sit_22_hu_video_mix_lab/processed/hrv/pre-01-079_part_2_neutral.mkv,30.3
pre-01-079,joy,/data/sit_22_hu_video_mix_lab/processed/hrv/pre-01-079_part_2_joy.mkv,30.3
pre-01-079,disgust,/data/sit_22_hu_video_mix_lab/processed/hrv/pre-01-079_part_2_disgust.mkv,30.3
pre-01-081,neutral,/data/sit_22_hu_video_mix_lab/processed/hrv/pre-01-081_part_2_neutral.mkv,30.3
pre-01-081,joy,/data/sit_22_hu_video_mix_lab/processed/hrv/pre-01-081_part_2_joy.mkv,30.3
pre-01-081,disgust,/data/sit_22_hu_video_mix_lab/processed/hrv/pre-01-081_part_2_disgust.mkv,30.3
pre-01-083,neutral,/data/sit_22_hu_video_mix_lab/processed/hrv/pre-01-083_part_2_neutral.mkv,30.3
pre-01-083,joy,/data/sit_22_hu_video_mix_lab/processed/hrv/pre-01-083_part_2_joy.mkv,30.3
pre-01-083,disgust,/data/sit_22_hu_video_mix_lab/processed/hrv/pre-01-083_part_2_disgust.mkv,30.3
pre-01-084,neutral,/data/sit_22_hu_video_mix_lab/processed/hrv/pre-01-084_part_2_neutral.mkv,30.3
pre-01-084,joy,/data/sit_22_hu_video_mix_lab/processed/hrv/pre-01-084_part_2_joy.mkv,30.3
pre-01-084,disgust,/data/sit_22_hu_video_mix_lab/processed/hrv/pre-01-084_part_2_disgust.mkv,30.3
pre-01-094,neutral,/data/sit_22_hu_video_mix_lab/processed/hrv/pre-01-094_part_2_neutral.mkv,30.3
pre-01-094,joy,/data/sit_22_hu_video_mix_lab/processed/hrv/pre-01-094_part_2_joy.mkv,30.3
pre-01-094,disgust,/data/sit_22_hu_video_mix_lab/processed/hrv/pre-01-094_part_2_disgust.mkv,30.3
pre-01-102,neutral,/data/sit_22_hu_video_mix_lab/processed/hrv/pre-01-102_part_2_neutral.mkv,30.3
pre-01-102,joy,/data/sit_22_hu_video_mix_lab/processed/hrv/pre-01-102_part_2_joy.mkv,30.3
pre-01-102,disgust,/data/sit_22_hu_video_mix_lab/processed/hrv/pre-01-102_part_2_disgust.mkv,30.3
pre-01-103,neutral,/data/sit_22_hu_video_mix_lab/processed/hrv/pre-01-103_part_2_neutral.mkv,30.3
pre-01-103,joy,/data/sit_22_hu_video_mix_lab/processed/hrv/pre-01-103_part_2_joy.mkv,30.3
pre-01-103,disgust,/data/sit_22_hu_video_mix_lab/processed/hrv/pre-01-103_part_2_disgust.mkv,30.3
pre-01-104,neutral,/data/sit_22_hu_video_mix_lab/processed/hrv/pre-01-104_part_3_neutral.mkv,30.3
pre-01-104,joy,/data/sit_22_hu_video_mix_lab/processed/hrv/pre-01-104_part_3_joy.mkv,30.3
pre-01-104,disgust,/data/sit_22_hu_video_mix_lab/processed/hrv/pre-01-104_part_3_disgust.mkv,30.3
pre-01-105,neutral,/data/sit_22_hu_video_mix_lab/processed/hrv/pre-01-105_part_2_neutral.mkv,30.3
pre-01-105,joy,/data/sit_22_hu_video_mix_lab/processed/hrv/pre-01-105_part_2_joy.mkv,30.3
pre-01-105,disgust,/data/sit_22_hu_video_mix_lab/processed/hrv/pre-01-105_part_2_disgust.mkv,30.3
pre-01-107,neutral,/data/sit_22_hu_video_mix_lab/processed/hrv/pre-01-107_part_2_neutral.mkv,30.3
pre-01-107,joy,/data/sit_22_hu_video_mix_lab/processed/hrv/pre-01-107_part_2_joy.mkv,30.3
pre-01-107,disgust,/data/sit_22_hu_video_mix_lab/processed/hrv/pre-01-107_part_2_disgust.mkv,30.3
pre-01-108,neutral,/data/sit_22_hu_video_mix_lab/processed/hrv/pre-01-108_part_2_neutral.mkv,30.3
pre-01-108,joy,/data/sit_22_hu_video_mix_lab/processed/hrv/pre-01-108_part_2_joy.mkv,30.3
pre-01-108,disgust,/data/sit_22_hu_video_mix_lab/processed/hrv/pre-01-108_part_2_disgust.mkv,30.3
pre-01-111,neutral,/data/sit_22_hu_video_mix_lab/processed/hrv/pre-01-111_part_2_neutral.mkv,30.3
pre-01-111,joy,/data/sit_22_hu_video_mix_lab/processed/hrv/pre-01-111_part_2_joy.mkv,30.3
pre-01-111,disgust,/data/sit_22_hu_video_mix_lab/processed/hrv/pre-01-111_part_2_disgust.mkv,30.3
pre-01-115,neutral,/data/sit_22_hu_video_mix_lab/processed/hrv/pre-01-115_part_2_neutral.mkv,30.3
pre-01-115,joy,/data/sit_22_hu_video_mix_lab/processed/hrv/pre-01-115_part_2_joy.mkv,30.3
pre-01-115,disgust,/data/sit_22_hu_video_mix_lab/processed/hrv/pre-01-115_part_2_disgust.mkv,30.3
pre-01-122,neutral,/data/sit_22_hu_video_mix_lab/processed/hrv/pre-01-122_part_2_neutral.mkv,30.3
pre-01-122,joy,/data/sit_22_hu_video_mix_lab/processed/hrv/pre-01-122_part_2_joy.mkv,30.3
pre-01-122,disgust,/data/sit_22_hu_video_mix_lab/processed/hrv/pre-01-122_part_2_disgust.mkv,30.3
pre-01-124,neutral,/data/sit_22_hu_video_mix_lab/processed/hrv/pre-01-124_part_3_neutral.mkv,30.3
pre-01-124,joy,/data/sit_22_hu_video_mix_lab/processed/hrv/pre-01-124_part_3_joy.mkv,30.3
pre-01-124,disgust,/data/sit_22_hu_video_mix_lab/processed/hrv/pre-01-124_part_3_disgust.mkv,30.3
pre-01-126,neutral,/data/sit_22_hu_video_mix_lab/processed/hrv/pre-01-126_part_2_neutral.mkv,30.3
pre-01-126,joy,/data/sit_22_hu_video_mix_lab/processed/hrv/pre-01-126_part_2_joy.mkv,30.3
pre-01-126,disgust,/data/sit_22_hu_video_mix_lab/processed/hrv/pre-01-126_part_2_disgust.mkv,30.3
pre-01-131,neutral,/data/sit_22_hu_video_mix_lab/processed/hrv/pre-01-131_part_2_neutral.mkv,30.3
pre-01-131,joy,/data/sit_22_hu_video_mix_lab/processed/hrv/pre-01-131_part_2_joy.mkv,30.3
pre-01-131,disgust,/data/sit_22_hu_video_mix_lab/processed/hrv/pre-01-131_part_2_disgust.mkv,30.3
pre-01-132,neutral,/data/sit_22_hu_video_mix_lab/processed/hrv/pre-01-132_part_2_neutral.mkv,30.3
pre-01-132,joy,/data/sit_22_hu_video_mix_lab/processed/hrv/pre-01-132_part_2_joy.mkv,30.3
pre-01-132,disgust,/data/sit_22_hu_video_mix_lab/processed/hrv/pre-01-132_part_2_disgust.mkv,30.3
pre-01-134,neutral,/data/sit_22_hu_video_mix_lab/processed/hrv/pre-01-134_part_2_neutral.mkv,30.3
pre-01-134,joy,/data/sit_22_hu_video_mix_lab/processed/hrv/pre-01-134_part_2_joy.mkv,30.3
pre-01-134,disgust,/data/sit_22_hu_video_mix_lab/processed/hrv/pre-01-134_part_2_disgust.mkv,30.3
pre-02-016,neutral,/data/sit_22_hu_video_mix_lab/processed/hrv/pre-02-016_part_2_neutral.mkv,30.3
pre-02-016,joy,/data/sit_22_hu_video_mix_lab/processed/hrv/pre-02-016_part_2_joy.mkv,30.3
pre-02-016,disgust,/data/sit_22_hu_video_mix_lab/processed/hrv/pre-02-016_part_2_disgust.mkv,30.3
pre-02-019,neutral,/data/sit_22_hu_video_mix_lab/processed/hrv/pre-02-019_part_2_neutral.mkv,28.26086956521739
pre-02-019,joy,/data/sit_22_hu_video_mix_lab/processed/hrv/pre-02-019_part_2_joy.mkv,27.176015473887816
pre-02-019,disgust,/data/sit_22_hu_video_mix_lab/processed/hrv/pre-02-019_part_2_disgust.mkv,27.707199032062913
pre-02-023,neutral,/data/sit_22_hu_video_mix_lab/processed/hrv/pre-02-023_part_2_neutral.mkv,28.885557221389302
pre-02-023,joy,/data/sit_22_hu_video_mix_lab/processed/hrv/pre-02-023_part_2_joy.mkv,25.757575757575758
pre-02-023,disgust,/data/sit_22_hu_video_mix_lab/processed/hrv/pre-02-023_part_2_disgust.mkv,27.253478523895946
pre-02-038,neutral,/data/sit_22_hu_video_mix_lab/processed/hrv/pre-02-038_part_2_neutral.mkv,30.459770114942526
pre-02-038,joy,/data/sit_22_hu_video_mix_lab/processed/hrv/pre-02-038_part_2_joy.mkv,27.53062540296583
pre-02-038,disgust,/data/sit_22_hu_video_mix_lab/processed/hrv/pre-02-038_part_2_disgust.mkv,28.765880217785842
pre-02-040,neutral,/data/sit_22_hu_video_mix_lab/processed/hrv/pre-02-040_part_2_neutral.mkv,30.459770114942526
pre-02-040,joy,/data/sit_22_hu_video_mix_lab/processed/hrv/pre-02-040_part_2_joy.mkv,27.53062540296583
pre-02-040,disgust,/data/sit_22_hu_video_mix_lab/processed/hrv/pre-02-040_part_2_disgust.mkv,28.765880217785842
pre-02-043,neutral,/data/sit_22_hu_video_mix_lab/processed/hrv/pre-02-043_part_2_neutral.mkv,30.3
pre-02-043,joy,/data/sit_22_hu_video_mix_lab/processed/hrv/pre-02-043_part_2_joy.mkv,30.3
pre-02-043,disgust,/data/sit_22_hu_video_mix_lab/processed/hrv/pre-02-043_part_2_disgust.mkv,30.3
pre-02-047,neutral,/data/sit_22_hu_video_mix_lab/processed/hrv/pre-02-047_part_2_neutral.mkv,30.3
pre-02-047,joy,/data/sit_22_hu_video_mix_lab/processed/hrv/pre-02-047_part_2_joy.mkv,30.3
pre-02-047,disgust,/data/sit_22_hu_video_mix_lab/processed/hrv/pre-02-047_part_2_disgust.mkv,30.3
pre-02-055,neutral,/data/sit_22_hu_video_mix_lab/processed/hrv/pre-02-055_part_2_neutral.mkv,30.3
pre-02-055,joy,/data/sit_22_hu_video_mix_lab/processed/hrv/pre-02-055_part_2_joy.mkv,30.3
pre-02-055,disgust,/data/sit_22_hu_video_mix_lab/processed/hrv/pre-02-055_part_2_disgust.mkv,30.3
pre-02-056,neutral,/data/sit_22_hu_video_mix_lab/processed/hrv/pre-02-056_part_2_neutral.mkv,30.3
pre-02-056,joy,/data/sit_22_hu_video_mix_lab/processed/hrv/pre-02-056_part_2_joy.mkv,30.3
pre-02-056,disgust,/data/sit_22_hu_video_mix_lab/processed/hrv/pre-02-056_part_2_disgust.mkv,30.3
pre-02-057,neutral,/data/sit_22_hu_video_mix_lab/processed/hrv/pre-02-057_part_2_neutral.mkv,30.3
pre-02-057,joy,/data/sit_22_hu_video_mix_lab/processed/hrv/pre-02-057_part_2_joy.mkv,30.3
pre-02-057,disgust,/data/sit_22_hu_video_mix_lab/processed/hrv/pre-02-057_part_2_disgust.mkv,30.3
pre-02-060,neutral,/data/sit_22_hu_video_mix_lab/processed/hrv/pre-02-060_part_2_neutral.mkv,30.3
pre-02-060,joy,/data/sit_22_hu_video_mix_lab/processed/hrv/pre-02-060_part_2_joy.mkv,30.3
pre-02-060,disgust,/data/sit_22_hu_video_mix_lab/processed/hrv/pre-02-060_part_2_disgust.mkv,30.3
pre-02-062,neutral,/data/sit_22_hu_video_mix_lab/processed/hrv/pre-02-062_part_2_neutral.mkv,30.3
pre-02-062,joy,/data/sit_22_hu_video_mix_lab/processed/hrv/pre-02-062_part_2_joy.mkv,30.3
pre-02-062,disgust,/data/sit_22_hu_video_mix_lab/processed/hrv/pre-02-062_part_2_disgust.mkv,30.3
pre-02-063,neutral,/data/sit_22_hu_video_mix_lab/processed/hrv/pre-02-063_part_2_neutral.mkv,30.3
pre-02-063,joy,/data/sit_22_hu_video_mix_lab/processed/hrv/pre-02-063_part_2_joy.mkv,30.3
pre-02-063,disgust,/data/sit_22_hu_video_mix_lab/processed/hrv/pre-02-063_part_2_disgust.mkv,30.3
pre-02-064,neutral,/data/sit_22_hu_video_mix_lab/processed/hrv/pre-02-064_part_2_neutral.mkv,30.3
pre-02-064,joy,/data/sit_22_hu_video_mix_lab/processed/hrv/pre-02-064_part_2_joy.mkv,30.3
pre-02-064,disgust,/data/sit_22_hu_video_mix_lab/processed/hrv/pre-02-064_part_2_disgust.mkv,30.3
pre-02-067,neutral,/data/sit_22_hu_video_mix_lab/processed/hrv/pre-02-067_part_2_neutral.mkv,30.3
pre-02-067,joy,/data/sit_22_hu_video_mix_lab/processed/hrv/pre-02-067_part_2_joy.mkv,30.3
pre-02-067,disgust,/data/sit_22_hu_video_mix_lab/processed/hrv/pre-02-067_part_2_disgust.mkv,30.3
pre-02-076,neutral,/data/sit_22_hu_video_mix_lab/processed/hrv/pre-02-076_part_2_neutral.mkv,30.3
pre-02-076,joy,/data/sit_22_hu_video_mix_lab/processed/hrv/pre-02-076_part_2_joy.mkv,30.3
pre-02-076,disgust,/data/sit_22_hu_video_mix_lab/processed/hrv/pre-02-076_part_2_disgust.mkv,30.3
pre-02-081,neutral,/data/sit_22_hu_video_mix_lab/processed/hrv/pre-02-081_part_2_neutral.mkv,30.3
pre-02-081,joy,/data/sit_22_hu_video_mix_lab/processed/hrv/pre-02-081_part_2_joy.mkv,30.3
pre-02-081,disgust,/data/sit_22_hu_video_mix_lab/processed/hrv/pre-02-081_part_2_disgust.mkv,30.3
pre-03-013,neutral,/data/sit_22_hu_video_mix_lab/processed/hrv/pre-03-013_part_2_neutral.mkv,28.760619690154922
pre-03-013,joy,/data/sit_22_hu_video_mix_lab/processed/hrv/pre-03-013_part_2_joy.mkv,27.176015473887816
pre-03-013,disgust,/data/sit_22_hu_video_mix_lab/processed/hrv/pre-03-013_part_2_disgust.mkv,28.433151845130066
pre-03-021,neutral,/data/sit_22_hu_video_mix_lab/processed/hrv/pre-03-021_part_2_neutral.mkv,28.767808047988005
pre-03-021,joy,/data/sit_22_hu_video_mix_lab/processed/hrv/pre-03-021_part_2_joy.mkv,25.53191489361702
pre-03-021,disgust,/data/sit_22_hu_video_mix_lab/processed/hrv/pre-03-021_part_2_disgust.mkv,27.01149425287356
pre-03-032,neutral,/data/sit_22_hu_video_mix_lab/processed/hrv/pre-03-032_part_3_neutral.mkv,30.3
pre-03-032,joy,/data/sit_22_hu_video_mix_lab/processed/hrv/pre-03-032_part_3_joy.mkv,30.3
pre-03-032,disgust,/data/sit_22_hu_video_mix_lab/processed/hrv/pre-03-032_part_3_disgust.mkv,30.3
pre-03-058,neutral,/data/sit_22_hu_video_mix_lab/processed/hrv/pre-03-058_part_2_neutral.mkv,30.3
pre-03-058,joy,/data/sit_22_hu_video_mix_lab/processed/hrv/pre-03-058_part_2_joy.mkv,30.3
pre-03-058,disgust,/data/sit_22_hu_video_mix_lab/processed/hrv/pre-03-058_part_2_disgust.mkv,30.3
pre-03-071,neutral,/data/sit_22_hu_video_mix_lab/processed/hrv/pre-03-071_part_2_neutral.mkv,30.3
pre-03-071,joy,/data/sit_22_hu_video_mix_lab/processed/hrv/pre-03-071_part_2_joy.mkv,30.3
pre-03-071,disgust,/data/sit_22_hu_video_mix_lab/processed/hrv/pre-03-071_part_2_disgust.mkv,30.3
pre-03-54,neutral,/data/sit_22_hu_video_mix_lab/processed/hrv/pre-03-54_part_2_neutral.mkv,30.3
pre-03-54,joy,/data/sit_22_hu_video_mix_lab/processed/hrv/pre-03-54_part_2_joy.mkv,30.3
pre-03-54,disgust,/data/sit_22_hu_video_mix_lab/processed/hrv/pre-03-54_part_2_disgust.mkv,30.3
pre-81-004,neutral,/data/sit_22_hu_video_mix_lab/processed/hrv/pre-81-004_part_2_neutral.mkv,30.3
pre-81-004,joy,/data/sit_22_hu_video_mix_lab/processed/hrv/pre-81-004_part_2_joy.mkv,30.3
pre-81-004,disgust,/data/sit_22_hu_video_mix_lab/processed/hrv/pre-81-004_part_2_disgust.mkv,30.3
pre-81-031,neutral,/data/sit_22_hu_video_mix_lab/processed/hrv/pre-81-031_part_2_neutral.mkv,30.3
pre-81-031,joy,/data/sit_22_hu_video_mix_lab/processed/hrv/pre-81-031_part_2_joy.mkv,30.3
pre-81-031,disgust,/data/sit_22_hu_video_mix_lab/processed/hrv/pre-81-031_part_2_disgust.mkv,30.3
pre-81-034,neutral,/data/sit_22_hu_video_mix_lab/processed/hrv/pre-81-034_part_2_neutral.mkv,30.3
pre-81-034,joy,/data/sit_22_hu_video_mix_lab/processed/hrv/pre-81-034_part_2_joy.mkv,30.3
pre-81-034,disgust,/data/sit_22_hu_video_mix_lab/processed/hrv/pre-81-034_part_2_disgust.mkv,30.3
pre-81-039,neutral,/data/sit_22_hu_video_mix_lab/processed/hrv/pre-81-039_part_2_neutral.mkv,30.3
pre-81-039,joy,/data/sit_22_hu_video_mix_lab/processed/hrv/pre-81-039_part_2_joy.mkv,30.3
pre-81-039,disgust,/data/sit_22_hu_video_mix_lab/processed/hrv/pre-81-039_part_2_disgust.mkv,30.3
pre-81-040,neutral,/data/sit_22_hu_video_mix_lab/processed/hrv/pre-81-040_part_2_neutral.mkv,30.3
pre-81-040,joy,/data/sit_22_hu_video_mix_lab/processed/hrv/pre-81-040_part_2_joy.mkv,30.3
pre-81-040,disgust,/data/sit_22_hu_video_mix_lab/processed/hrv/pre-81-040_part_2_disgust.mkv,30.3
pre-81-044,neutral,/data/sit_22_hu_video_mix_lab/processed/hrv/pre-81-044_part_2_neutral.mkv,30.3
pre-81-044,joy,/data/sit_22_hu_video_mix_lab/processed/hrv/pre-81-044_part_2_joy.mkv,30.3
pre-81-044,disgust,/data/sit_22_hu_video_mix_lab/processed/hrv/pre-81-044_part_2_disgust.mkv,30.3
pre-81-048,neutral,/data/sit_22_hu_video_mix_lab/processed/hrv/pre-81-048_part_2_neutral.mkv,30.3
pre-81-048,joy,/data/sit_22_hu_video_mix_lab/processed/hrv/pre-81-048_part_2_joy.mkv,30.3
pre-81-048,disgust,/data/sit_22_hu_video_mix_lab/processed/hrv/pre-81-048_part_2_disgust.mkv,30.3
pre-81-049,neutral,/data/sit_22_hu_video_mix_lab/processed/hrv/pre-81-049_part_2_neutral.mkv,30.3
pre-81-049,joy,/data/sit_22_hu_video_mix_lab/processed/hrv/pre-81-049_part_2_joy.mkv,30.3
pre-81-049,disgust,/data/sit_22_hu_video_mix_lab/processed/hrv/pre-81-049_part_2_disgust.mkv,30.3
pre-81-058,neutral,/data/sit_22_hu_video_mix_lab/processed/hrv/pre-81-058_part_2_neutral.mkv,30.3
pre-81-058,joy,/data/sit_22_hu_video_mix_lab/processed/hrv/pre-81-058_part_2_joy.mkv,30.3
pre-81-058,disgust,/data/sit_22_hu_video_mix_lab/processed/hrv/pre-81-058_part_2_disgust.mkv,30.3
pre-81-069,neutral,/data/sit_22_hu_video_mix_lab/processed/hrv/pre-81-069_part_2_neutral.mkv,30.3
pre-81-069,joy,/data/sit_22_hu_video_mix_lab/processed/hrv/pre-81-069_part_2_joy.mkv,30.3
pre-81-069,disgust,/data/sit_22_hu_video_mix_lab/processed/hrv/pre-81-069_part_2_disgust.mkv,30.3
pre-81-088,neutral,/data/sit_22_hu_video_mix_lab/processed/hrv/pre-81-088_part_3_neutral.mkv,30.3
pre-81-088,joy,/data/sit_22_hu_video_mix_lab/processed/hrv/pre-81-088_part_3_joy.mkv,30.3
pre-81-088,disgust,/data/sit_22_hu_video_mix_lab/processed/hrv/pre-81-088_part_3_disgust.mkv,30.3
pre-81-108,neutral,/data/sit_22_hu_video_mix_lab/processed/hrv/pre-81-108_part_2_neutral.mkv,30.3
pre-81-108,joy,/data/sit_22_hu_video_mix_lab/processed/hrv/pre-81-108_part_2_joy.mkv,30.3
pre-81-108,disgust,/data/sit_22_hu_video_mix_lab/processed/hrv/pre-81-108_part_2_disgust.mkv,30.3
pre-81-133,neutral,/data/sit_22_hu_video_mix_lab/processed/hrv/pre-81-133_part_2_neutral.mkv,30.3
pre-81-133,joy,/data/sit_22_hu_video_mix_lab/processed/hrv/pre-81-133_part_2_joy.mkv,30.3
pre-81-133,disgust,/data/sit_22_hu_video_mix_lab/processed/hrv/pre-81-133_part_2_disgust.mkv,30.3
pre-81-153,neutral,/data/sit_22_hu_video_mix_lab/processed/hrv/pre-81-153_part_2_neutral.mkv,30.3
pre-81-153,joy,/data/sit_22_hu_video_mix_lab/processed/hrv/pre-81-153_part_2_joy.mkv,30.3
pre-81-153,disgust,/data/sit_22_hu_video_mix_lab/processed/hrv/pre-81-153_part_2_disgust.mkv,30.3
pre-81-162,neutral,/data/sit_22_hu_video_mix_lab/processed/hrv/pre-81-162_part_2_neutral.mkv,30.3
pre-81-162,joy,/data/sit_22_hu_video_mix_lab/processed/hrv/pre-81-162_part_2_joy.mkv,30.3
pre-81-162,disgust,/data/sit_22_hu_video_mix_lab/processed/hrv/pre-81-162_part_2_disgust.mkv,30.3
pre-81-163,neutral,/data/sit_22_hu_video_mix_lab/processed/hrv/pre-81-163_part_2_neutral.mkv,30.3
pre-81-163,joy,/data/sit_22_hu_video_mix_lab/processed/hrv/pre-81-163_part_2_joy.mkv,30.3
pre-81-163,disgust,/data/sit_22_hu_video_mix_lab/processed/hrv/pre-81-163_part_2_disgust.mkv,30.3
pre-81-167,neutral,/data/sit_22_hu_video_mix_lab/processed/hrv/pre-81-167_part_2_neutral.mkv,30.3
pre-81-167,joy,/data/sit_22_hu_video_mix_lab/processed/hrv/pre-81-167_part_2_joy.mkv,30.3
pre-81-167,disgust,/data/sit_22_hu_video_mix_lab/processed/hrv/pre-81-167_part_2_disgust.mkv,30.3
pre-81-171,neutral,/data/sit_22_hu_video_mix_lab/processed/hrv/pre-81-171_part_2_neutral.mkv,30.3
pre-81-171,joy,/data/sit_22_hu_video_mix_lab/processed/hrv/pre-81-171_part_2_joy.mkv,30.3
pre-81-171,disgust,/data/sit_22_hu_video_mix_lab/processed/hrv/pre-81-171_part_2_disgust.mkv,30.3
pre-81-173,neutral,/data/sit_22_hu_video_mix_lab/processed/hrv/pre-81-173_part_2_neutral.mkv,30.3
pre-81-173,joy,/data/sit_22_hu_video_mix_lab/processed/hrv/pre-81-173_part_2_joy.mkv,30.3
pre-81-173,disgust,/data/sit_22_hu_video_mix_lab/processed/hrv/pre-81-173_part_2_disgust.mkv,30.3
pre-81-176,neutral,/data/sit_22_hu_video_mix_lab/processed/hrv/pre-81-176_part_2_neutral.mkv,30.3
pre-81-176,joy,/data/sit_22_hu_video_mix_lab/processed/hrv/pre-81-176_part_2_joy.mkv,30.3
pre-81-176,disgust,/data/sit_22_hu_video_mix_lab/processed/hrv/pre-81-176_part_2_disgust.mkv,30.3
pre-81-180,neutral,/data/sit_22_hu_video_mix_lab/processed/hrv/pre-81-180_part_2_neutral.mkv,30.3
pre-81-180,joy,/data/sit_22_hu_video_mix_lab/processed/hrv/pre-81-180_part_2_joy.mkv,30.3
pre-81-180,disgust,/data/sit_22_hu_video_mix_lab/processed/hrv/pre-81-180_part_2_disgust.mkv,30.3
pre-81-181,neutral,/data/sit_22_hu_video_mix_lab/processed/hrv/pre-81-181_part_2_neutral.mkv,30.3
pre-81-181,joy,/data/sit_22_hu_video_mix_lab/processed/hrv/pre-81-181_part_2_joy.mkv,30.3
pre-81-181,disgust,/data/sit_22_hu_video_mix_lab/processed/hrv/pre-81-181_part_2_disgust.mkv,30.3
pre-81-189,neutral,/data/sit_22_hu_video_mix_lab/processed/hrv/pre-81-189_part_3_neutral.mkv,30.3
pre-81-189,joy,/data/sit_22_hu_video_mix_lab/processed/hrv/pre-81-189_part_3_joy.mkv,30.3
pre-81-189,disgust,/data/sit_22_hu_video_mix_lab/processed/hrv/pre-81-189_part_3_disgust.mkv,30.3
pre-81-196,neutral,/data/sit_22_hu_video_mix_lab/processed/hrv/pre-81-196_part_2_neutral.mkv,30.3
pre-81-196,joy,/data/sit_22_hu_video_mix_lab/processed/hrv/pre-81-196_part_2_joy.mkv,30.3
pre-81-196,disgust,/data/sit_22_hu_video_mix_lab/processed/hrv/pre-81-196_part_2_disgust.mkv,30.3
pre-81-200,neutral,/data/sit_22_hu_video_mix_lab/processed/hrv/pre-81-200_part_2_neutral.mkv,30.3
pre-81-200,joy,/data/sit_22_hu_video_mix_lab/processed/hrv/pre-81-200_part_2_joy.mkv,30.3
pre-81-200,disgust,/data/sit_22_hu_video_mix_lab/processed/hrv/pre-81-200_part_2_disgust.mkv,30.3
pre-81-213,neutral,/data/sit_22_hu_video_mix_lab/processed/hrv/pre-81-213_part_2_neutral.mkv,30.3
pre-81-213,joy,/data/sit_22_hu_video_mix_lab/processed/hrv/pre-81-213_part_2_joy.mkv,30.3
pre-81-213,disgust,/data/sit_22_hu_video_mix_lab/processed/hrv/pre-81-213_part_2_disgust.mkv,30.3
pre-81-217,neutral,/data/sit_22_hu_video_mix_lab/processed/hrv/pre-81-217_part_2_neutral.mkv,30.3
pre-81-217,joy,/data/sit_22_hu_video_mix_lab/processed/hrv/pre-81-217_part_2_joy.mkv,30.3
pre-81-217,disgust,/data/sit_22_hu_video_mix_lab/processed/hrv/pre-81-217_part_2_disgust.mkv,30.3
pre-81-227,neutral,/data/sit_22_hu_video_mix_lab/processed/hrv/pre-81-227_part_2_neutral.mkv,30.3
pre-81-227,joy,/data/sit_22_hu_video_mix_lab/processed/hrv/pre-81-227_part_2_joy.mkv,30.3
pre-81-227,disgust,/data/sit_22_hu_video_mix_lab/processed/hrv/pre-81-227_part_2_disgust.mkv,30.3
pre-81-233,neutral,/data/sit_22_hu_video_mix_lab/processed/hrv/pre-81-233_part_2_neutral.mkv,30.3
pre-81-233,joy,/data/sit_22_hu_video_mix_lab/processed/hrv/pre-81-233_part_2_joy.mkv,30.3
pre-81-233,disgust,/data/sit_22_hu_video_mix_lab/processed/hrv/pre-81-233_part_2_disgust.mkv,30.3
pre-81-234,neutral,/data/sit_22_hu_video_mix_lab/processed/hrv/pre-81-234_part_2_neutral.mkv,30.3
pre-81-234,joy,/data/sit_22_hu_video_mix_lab/processed/hrv/pre-81-234_part_2_joy.mkv,30.3
pre-81-234,disgust,/data/sit_22_hu_video_mix_lab/processed/hrv/pre-81-234_part_2_disgust.mkv,30.3
pre-81-243,neutral,/data/sit_22_hu_video_mix_lab/processed/hrv/pre-81-243_part_2_neutral.mkv,30.3
pre-81-243,joy,/data/sit_22_hu_video_mix_lab/processed/hrv/pre-81-243_part_2_joy.mkv,30.3
pre-81-243,disgust,/data/sit_22_hu_video_mix_lab/processed/hrv/pre-81-243_part_2_disgust.mkv,30.3
pre-81-244,neutral,/data/sit_22_hu_video_mix_lab/processed/hrv/pre-81-244_part_2_neutral.mkv,30.3
pre-81-244,joy,/data/sit_22_hu_video_mix_lab/processed/hrv/pre-81-244_part_2_joy.mkv,30.3
pre-81-244,disgust,/data/sit_22_hu_video_mix_lab/processed/hrv/pre-81-244_part_2_disgust.mkv,30.3
pre-91-002,neutral,/data/sit_22_hu_video_mix_lab/processed/hrv/pre-91-002_part_2_neutral.mkv,30.459770114942526
pre-91-002,joy,/data/sit_22_hu_video_mix_lab/processed/hrv/pre-91-002_part_2_joy.mkv,27.53062540296583
pre-91-002,disgust,/data/sit_22_hu_video_mix_lab/processed/hrv/pre-91-002_part_2_disgust.mkv,28.765880217785842
pre-91-004,neutral,/data/sit_22_hu_video_mix_lab/processed/hrv/pre-91-004_part_2_neutral.mkv,30.50974512743628
pre-91-004,joy,/data/sit_22_hu_video_mix_lab/processed/hrv/pre-91-004_part_2_joy.mkv,27.691811734364926
pre-91-004,disgust,/data/sit_22_hu_video_mix_lab/processed/hrv/pre-91-004_part_2_disgust.mkv,29.06836055656382
pre-91-008,neutral,/data/sit_22_hu_video_mix_lab/processed/hrv/pre-91-008_part_4_neutral.mkv,28.160919540229884
pre-91-008,joy,/data/sit_22_hu_video_mix_lab/processed/hrv/pre-91-008_part_4_joy.mkv,26.85364281108962
pre-91-008,disgust,/data/sit_22_hu_video_mix_lab/processed/hrv/pre-91-008_part_4_disgust.mkv,27.132486388384752
pre-91-009,neutral,/data/sit_22_hu_video_mix_lab/processed/hrv/pre-91-009_part_2_neutral.mkv,28.935532233883055
pre-91-009,joy,/data/sit_22_hu_video_mix_lab/processed/hrv/pre-91-009_part_2_joy.mkv,26.079948420373952
pre-91-009,disgust,/data/sit_22_hu_video_mix_lab/processed/hrv/pre-91-009_part_2_disgust.mkv,27.586206896551722
pre-91-010,neutral,/data/sit_22_hu_video_mix_lab/processed/hrv/pre-91-010_part_2_neutral.mkv,27.636181909045476
pre-91-010,joy,/data/sit_22_hu_video_mix_lab/processed/hrv/pre-91-010_part_2_joy.mkv,25.918762088974855
pre-91-010,disgust,/data/sit_22_hu_video_mix_lab/processed/hrv/pre-91-010_part_2_disgust.mkv,26.194797338173018
pre-91-011,neutral,/data/sit_22_hu_video_mix_lab/processed/hrv/pre-91-011_part_2_neutral.mkv,27.936031984007993
pre-91-011,joy,/data/sit_22_hu_video_mix_lab/processed/hrv/pre-91-011_part_2_joy.mkv,26.434558349451965
pre-91-011,disgust,/data/sit_22_hu_video_mix_lab/processed/hrv/pre-91-011_part_2_disgust.mkv,26.346037507562006
pre-91-012,neutral,/data/sit_22_hu_video_mix_lab/processed/hrv/pre-91-012_part_2_neutral.mkv,28.53573213393303
pre-91-012,joy,/data/sit_22_hu_video_mix_lab/processed/hrv/pre-91-012_part_2_joy.mkv,27.852998065764023
pre-91-012,disgust,/data/sit_22_hu_video_mix_lab/processed/hrv/pre-91-012_part_2_disgust.mkv,28.07017543859649
pre-91-013,neutral,/data/sit_22_hu_video_mix_lab/processed/hrv/pre-91-013_part_2_neutral.mkv,28.510744627686154
pre-91-013,joy,/data/sit_22_hu_video_mix_lab/processed/hrv/pre-91-013_part_2_joy.mkv,27.53062540296583
pre-91-013,disgust,/data/sit_22_hu_video_mix_lab/processed/hrv/pre-91-013_part_2_disgust.mkv,28.130671506352087
pre-91-014,neutral,/data/sit_22_hu_video_mix_lab/processed/hrv/pre-91-014_part_2_neutral.mkv,28.885557221389302
pre-91-014,joy,/data/sit_22_hu_video_mix_lab/processed/hrv/pre-91-014_part_2_joy.mkv,25.950999355254673
pre-91-014,disgust,/data/sit_22_hu_video_mix_lab/processed/hrv/pre-91-014_part_2_disgust.mkv,27.8886872353297
pre-91-016,neutral,/data/sit_22_hu_video_mix_lab/processed/hrv/pre-91-016_part_2_neutral.mkv,28.060969515242377
pre-91-016,joy,/data/sit_22_hu_video_mix_lab/processed/hrv/pre-91-016_part_2_joy.mkv,26.273372018052868
pre-91-016,disgust,/data/sit_22_hu_video_mix_lab/processed/hrv/pre-91-016_part_2_disgust.mkv,25.922565033272836
pre-91-019,neutral,/data/sit_22_hu_video_mix_lab/processed/hrv/pre-91-019_part_2_neutral.mkv,28.010994502748623
pre-91-019,joy,/data/sit_22_hu_video_mix_lab/processed/hrv/pre-91-019_part_2_joy.mkv,26.78916827852998
pre-91-019,disgust,/data/sit_22_hu_video_mix_lab/processed/hrv/pre-91-019_part_2_disgust.mkv,26.920750151240167
pre-91-021,neutral,/data/sit_22_hu_video_mix_lab/processed/hrv/pre-91-021_part_2_neutral.mkv,28.98550724637681
pre-91-021,joy,/data/sit_22_hu_video_mix_lab/processed/hrv/pre-91-021_part_2_joy.mkv,25.950999355254673
pre-91-021,disgust,/data/sit_22_hu_video_mix_lab/processed/hrv/pre-91-021_part_2_disgust.mkv,27.344222625529337
pre-91-022,neutral,/data/sit_22_hu_video_mix_lab/processed/hrv/pre-91-022_part_2_neutral.mkv,27.786106946526733
pre-91-022,joy,/data/sit_22_hu_video_mix_lab/processed/hrv/pre-91-022_part_2_joy.mkv,25.338491295938105
pre-91-022,disgust,/data/sit_22_hu_video_mix_lab/processed/hrv/pre-91-022_part_2_disgust.mkv,24.894131881427704
pre-91-023,neutral,/data/sit_22_hu_video_mix_lab/processed/hrv/pre-91-023_part_2_neutral.mkv,28.435782108945524
pre-91-023,joy,/data/sit_22_hu_video_mix_lab/processed/hrv/pre-91-023_part_2_joy.mkv,28.1431334622824
pre-91-023,disgust,/data/sit_22_hu_video_mix_lab/processed/hrv/pre-91-023_part_2_disgust.mkv,26.484848484848484
pre-91-024,neutral,/data/sit_22_hu_video_mix_lab/processed/hrv/pre-91-024_part_2_neutral.mkv,28.68565717141429
pre-91-024,joy,/data/sit_22_hu_video_mix_lab/processed/hrv/pre-91-024_part_2_joy.mkv,28.59445519019987
pre-91-024,disgust,/data/sit_22_hu_video_mix_lab/processed/hrv/pre-91-024_part_2_disgust.mkv,26.648517846339985
pre-91-027,neutral,/data/sit_22_hu_video_mix_lab/processed/hrv/pre-91-027_part_2_neutral.mkv,28.11094452773613
pre-91-027,joy,/data/sit_22_hu_video_mix_lab/processed/hrv/pre-91-027_part_2_joy.mkv,26.627981947130884
pre-91-027,disgust,/data/sit_22_hu_video_mix_lab/processed/hrv/pre-91-027_part_2_disgust.mkv,26.73926194797338
pre-91-032,neutral,/data/sit_22_hu_video_mix_lab/processed/hrv/pre-91-032_part_2_neutral.mkv,30.3
pre-91-032,joy,/data/sit_22_hu_video_mix_lab/processed/hrv/pre-91-032_part_2_joy.mkv,30.3
pre-91-032,disgust,/data/sit_22_hu_video_mix_lab/processed/hrv/pre-91-032_part_2_disgust.mkv,30.3
pre-91-033,neutral,/data/sit_22_hu_video_mix_lab/processed/hrv/pre-91-033_part_2_neutral.mkv,30.3
pre-91-033,joy,/data/sit_22_hu_video_mix_lab/processed/hrv/pre-91-033_part_2_joy.mkv,30.3
pre-91-033,disgust,/data/sit_22_hu_video_mix_lab/processed/hrv/pre-91-033_part_2_disgust.mkv,30.3
pre-91-034,neutral,/data/sit_22_hu_video_mix_lab/processed/hrv/pre-91-034_part_2_neutral.mkv,30.3
pre-91-034,joy,/data/sit_22_hu_video_mix_lab/processed/hrv/pre-91-034_part_2_joy.mkv,30.3
pre-91-034,disgust,/data/sit_22_hu_video_mix_lab/processed/hrv/pre-91-034_part_2_disgust.mkv,30.3
pre-91-036,neutral,/data/sit_22_hu_video_mix_lab/processed/hrv/pre-91-036_part_2_neutral.mkv,30.3
pre-91-036,joy,/data/sit_22_hu_video_mix_lab/processed/hrv/pre-91-036_part_2_joy.mkv,30.3
pre-91-036,disgust,/data/sit_22_hu_video_mix_lab/processed/hrv/pre-91-036_part_2_disgust.mkv,30.3
pre-91-040,neutral,/data/sit_22_hu_video_mix_lab/processed/hrv/pre-91-040_part_2_neutral.mkv,30.3
pre-91-040,joy,/data/sit_22_hu_video_mix_lab/processed/hrv/pre-91-040_part_2_joy.mkv,30.3
pre-91-040,disgust,/data/sit_22_hu_video_mix_lab/processed/hrv/pre-91-040_part_2_disgust.mkv,30.3
pre-91-042,neutral,/data/sit_22_hu_video_mix_lab/processed/hrv/pre-91-042_part_2_neutral.mkv,30.3
pre-91-042,joy,/data/sit_22_hu_video_mix_lab/processed/hrv/pre-91-042_part_2_joy.mkv,30.3
pre-91-042,disgust,/data/sit_22_hu_video_mix_lab/processed/hrv/pre-91-042_part_2_disgust.mkv,30.3
pre-91-043,neutral,/data/sit_22_hu_video_mix_lab/processed/hrv/pre-91-043_part_2_neutral.mkv,30.3
pre-91-043,joy,/data/sit_22_hu_video_mix_lab/processed/hrv/pre-91-043_part_2_joy.mkv,30.3
pre-91-043,disgust,/data/sit_22_hu_video_mix_lab/processed/hrv/pre-91-043_part_2_disgust.mkv,30.3
pre-91-045,neutral,/data/sit_22_hu_video_mix_lab/processed/hrv/pre-91-045_part_2_neutral.mkv,30.3
pre-91-045,joy,/data/sit_22_hu_video_mix_lab/processed/hrv/pre-91-045_part_2_joy.mkv,30.3
pre-91-045,disgust,/data/sit_22_hu_video_mix_lab/processed/hrv/pre-91-045_part_2_disgust.mkv,30.3
pre-91-046,neutral,/data/sit_22_hu_video_mix_lab/processed/hrv/pre-91-046_part_2_neutral.mkv,30.3
pre-91-046,joy,/data/sit_22_hu_video_mix_lab/processed/hrv/pre-91-046_part_2_joy.mkv,30.3
pre-91-046,disgust,/data/sit_22_hu_video_mix_lab/processed/hrv/pre-91-046_part_2_disgust.mkv,30.3
pre-91-047,neutral,/data/sit_22_hu_video_mix_lab/processed/hrv/pre-91-047_part_2_neutral.mkv,30.3
pre-91-047,joy,/data/sit_22_hu_video_mix_lab/processed/hrv/pre-91-047_part_2_joy.mkv,30.3
pre-91-047,disgust,/data/sit_22_hu_video_mix_lab/processed/hrv/pre-91-047_part_2_disgust.mkv,30.3
pre-91-048,neutral,/data/sit_22_hu_video_mix_lab/processed/hrv/pre-91-048_part_2_neutral.mkv,30.3
pre-91-048,joy,/data/sit_22_hu_video_mix_lab/processed/hrv/pre-91-048_part_2_joy.mkv,30.3
pre-91-048,disgust,/data/sit_22_hu_video_mix_lab/processed/hrv/pre-91-048_part_2_disgust.mkv,30.3
pre-91-053,neutral,/data/sit_22_hu_video_mix_lab/processed/hrv/pre-91-053_part_2_neutral.mkv,30.3
pre-91-053,joy,/data/sit_22_hu_video_mix_lab/processed/hrv/pre-91-053_part_2_joy.mkv,30.3
pre-91-053,disgust,/data/sit_22_hu_video_mix_lab/processed/hrv/pre-91-053_part_2_disgust.mkv,30.3
pre-91-054,neutral,/data/sit_22_hu_video_mix_lab/processed/hrv/pre-91-054_part_2_neutral.mkv,30.3
pre-91-054,joy,/data/sit_22_hu_video_mix_lab/processed/hrv/pre-91-054_part_2_joy.mkv,30.3
pre-91-054,disgust,/data/sit_22_hu_video_mix_lab/processed/hrv/pre-91-054_part_2_disgust.mkv,30.3
pre-91-055,neutral,/data/sit_22_hu_video_mix_lab/processed/hrv/pre-91-055_part_2_neutral.mkv,30.3
pre-91-055,joy,/data/sit_22_hu_video_mix_lab/processed/hrv/pre-91-055_part_2_joy.mkv,30.3
pre-91-055,disgust,/data/sit_22_hu_video_mix_lab/processed/hrv/pre-91-055_part_2_disgust.mkv,30.3
pre-91-056,neutral,/data/sit_22_hu_video_mix_lab/processed/hrv/pre-91-056_part_2_neutral.mkv,30.3
pre-91-056,joy,/data/sit_22_hu_video_mix_lab/processed/hrv/pre-91-056_part_2_joy.mkv,30.3
pre-91-056,disgust,/data/sit_22_hu_video_mix_lab/processed/hrv/pre-91-056_part_2_disgust.mkv,30.3
pre-91-058,neutral,/data/sit_22_hu_video_mix_lab/processed/hrv/pre-91-058_part_2_neutral.mkv,30.3
pre-91-058,joy,/data/sit_22_hu_video_mix_lab/processed/hrv/pre-91-058_part_2_joy.mkv,30.3
pre-91-058,disgust,/data/sit_22_hu_video_mix_lab/processed/hrv/pre-91-058_part_2_disgust.mkv,30.3
pre-91-059,neutral,/data/sit_22_hu_video_mix_lab/processed/hrv/pre-91-059_part_2_neutral.mkv,30.3
pre-91-059,joy,/data/sit_22_hu_video_mix_lab/processed/hrv/pre-91-059_part_2_joy.mkv,30.3
pre-91-059,disgust,/data/sit_22_hu_video_mix_lab/processed/hrv/pre-91-059_part_2_disgust.mkv,30.3
pre-91-062,neutral,/data/sit_22_hu_video_mix_lab/processed/hrv/pre-91-062_part_2_neutral.mkv,30.3
pre-91-062,joy,/data/sit_22_hu_video_mix_lab/processed/hrv/pre-91-062_part_2_joy.mkv,30.3
pre-91-062,disgust,/data/sit_22_hu_video_mix_lab/processed/hrv/pre-91-062_part_2_disgust.mkv,30.3
pre-91-066,neutral,/data/sit_22_hu_video_mix_lab/processed/hrv/pre-91-066_part_2_neutral.mkv,30.3
pre-91-066,joy,/data/sit_22_hu_video_mix_lab/processed/hrv/pre-91-066_part_2_joy.mkv,30.3
pre-91-066,disgust,/data/sit_22_hu_video_mix_lab/processed/hrv/pre-91-066_part_2_disgust.mkv,30.3
pre-91-067,neutral,/data/sit_22_hu_video_mix_lab/processed/hrv/pre-91-067_part_2_neutral.mkv,30.3
pre-91-067,joy,/data/sit_22_hu_video_mix_lab/processed/hrv/pre-91-067_part_2_joy.mkv,30.3
pre-91-067,disgust,/data/sit_22_hu_video_mix_lab/processed/hrv/pre-91-067_part_2_disgust.mkv,30.3
pre-91-069,neutral,/data/sit_22_hu_video_mix_lab/processed/hrv/pre-91-069_part_2_neutral.mkv,30.3
pre-91-069,joy,/data/sit_22_hu_video_mix_lab/processed/hrv/pre-91-069_part_2_joy.mkv,30.3
pre-91-069,disgust,/data/sit_22_hu_video_mix_lab/processed/hrv/pre-91-069_part_2_disgust.mkv,30.3
pre-91-070,neutral,/data/sit_22_hu_video_mix_lab/processed/hrv/pre-91-070_part_2_neutral.mkv,30.3
pre-91-070,joy,/data/sit_22_hu_video_mix_lab/processed/hrv/pre-91-070_part_2_joy.mkv,30.3
pre-91-070,disgust,/data/sit_22_hu_video_mix_lab/processed/hrv/pre-91-070_part_2_disgust.mkv,30.3
pre-91-071,neutral,/data/sit_22_hu_video_mix_lab/processed/hrv/pre-91-071_part_3_neutral.mkv,30.3
pre-91-071,joy,/data/sit_22_hu_video_mix_lab/processed/hrv/pre-91-071_part_3_joy.mkv,30.3
pre-91-071,disgust,/data/sit_22_hu_video_mix_lab/processed/hrv/pre-91-071_part_3_disgust.mkv,30.3
pre-91-072,neutral,/data/sit_22_hu_video_mix_lab/processed/hrv/pre-91-072_part_2_neutral.mkv,30.3
pre-91-072,joy,/data/sit_22_hu_video_mix_lab/processed/hrv/pre-91-072_part_2_joy.mkv,30.3
pre-91-072,disgust,/data/sit_22_hu_video_mix_lab/processed/hrv/pre-91-072_part_2_disgust.mkv,30.3
pre-91-073,neutral,/data/sit_22_hu_video_mix_lab/processed/hrv/pre-91-073_part_2_neutral.mkv,30.3
pre-91-073,joy,/data/sit_22_hu_video_mix_lab/processed/hrv/pre-91-073_part_2_joy.mkv,30.3
pre-91-073,disgust,/data/sit_22_hu_video_mix_lab/processed/hrv/pre-91-073_part_2_disgust.mkv,30.3
pre-91-074,neutral,/data/sit_22_hu_video_mix_lab/processed/hrv/pre-91-074_part_2_neutral.mkv,30.3
pre-91-074,joy,/data/sit_22_hu_video_mix_lab/processed/hrv/pre-91-074_part_2_joy.mkv,30.3
pre-91-074,disgust,/data/sit_22_hu_video_mix_lab/processed/hrv/pre-91-074_part_2_disgust.mkv,30.3
pre-91-075,neutral,/data/sit_22_hu_video_mix_lab/processed/hrv/pre-91-075_part_2_neutral.mkv,30.3
pre-91-075,joy,/data/sit_22_hu_video_mix_lab/processed/hrv/pre-91-075_part_2_joy.mkv,30.3
pre-91-075,disgust,/data/sit_22_hu_video_mix_lab/processed/hrv/pre-91-075_part_2_disgust.mkv,30.3
pre-91-077,neutral,/data/sit_22_hu_video_mix_lab/processed/hrv/pre-91-077_part_2_neutral.mkv,30.3
pre-91-077,joy,/data/sit_22_hu_video_mix_lab/processed/hrv/pre-91-077_part_2_joy.mkv,30.3
pre-91-077,disgust,/data/sit_22_hu_video_mix_lab/processed/hrv/pre-91-077_part_2_disgust.mkv,30.3
pre-91-078,neutral,/data/sit_22_hu_video_mix_lab/processed/hrv/pre-91-078_part_2_neutral.mkv,30.3
pre-91-078,joy,/data/sit_22_hu_video_mix_lab/processed/hrv/pre-91-078_part_2_joy.mkv,30.3
pre-91-078,disgust,/data/sit_22_hu_video_mix_lab/processed/hrv/pre-91-078_part_2_disgust.mkv,30.3
pre-91-079,neutral,/data/sit_22_hu_video_mix_lab/processed/hrv/pre-91-079_part_2_neutral.mkv,30.3
pre-91-079,joy,/data/sit_22_hu_video_mix_lab/processed/hrv/pre-91-079_part_2_joy.mkv,30.3
pre-91-079,disgust,/data/sit_22_hu_video_mix_lab/processed/hrv/pre-91-079_part_2_disgust.mkv,30.3
pre-91-080,neutral,/data/sit_22_hu_video_mix_lab/processed/hrv/pre-91-080_part_2_neutral.mkv,30.3
pre-91-080,joy,/data/sit_22_hu_video_mix_lab/processed/hrv/pre-91-080_part_2_joy.mkv,30.3
pre-91-080,disgust,/data/sit_22_hu_video_mix_lab/processed/hrv/pre-91-080_part_2_disgust.mkv,30.3
pre-91-081,neutral,/data/sit_22_hu_video_mix_lab/processed/hrv/pre-91-081_part_2_neutral.mkv,30.3
pre-91-081,joy,/data/sit_22_hu_video_mix_lab/processed/hrv/pre-91-081_part_2_joy.mkv,30.3
pre-91-081,disgust,/data/sit_22_hu_video_mix_lab/processed/hrv/pre-91-081_part_2_disgust.mkv,30.3
pre-91-082,neutral,/data/sit_22_hu_video_mix_lab/processed/hrv/pre-91-082_part_2_neutral.mkv,30.3
pre-91-082,joy,/data/sit_22_hu_video_mix_lab/processed/hrv/pre-91-082_part_2_joy.mkv,30.3
pre-91-082,disgust,/data/sit_22_hu_video_mix_lab/processed/hrv/pre-91-082_part_2_disgust.mkv,30.3
94-060,neutral,/data/sit_22_alu_video_mix_lab/processed/hrv/94-060_part_2_neutral.mkv,30.3
94-060,joy,/data/sit_22_alu_video_mix_lab/processed/hrv/94-060_part_2_joy.mkv,30.3
94-060,disgust,/data/sit_22_alu_video_mix_lab/processed/hrv/94-060_part_2_disgust.mkv,30.3
pre-02-082,neutral,/data/sit_22_alu_video_mix_lab/processed/hrv/pre-02-082_part_2_neutral.mkv,30.3
pre-02-082,joy,/data/sit_22_alu_video_mix_lab/processed/hrv/pre-02-082_part_2_joy.mkv,30.3
pre-02-082,disgust,/data/sit_22_alu_video_mix_lab/processed/hrv/pre-02-082_part_2_disgust.mkv,30.3
pre-03-038,neutral,/data/sit_22_alu_video_mix_lab/processed/hrv/pre-03-038_part_2_neutral.mkv,30.3
pre-03-038,joy,/data/sit_22_alu_video_mix_lab/processed/hrv/pre-03-038_part_2_joy.mkv,30.3
pre-03-038,disgust,/data/sit_22_alu_video_mix_lab/processed/hrv/pre-03-038_part_2_disgust.mkv,30.3
pre-04-001,neutral,/data/sit_22_alu_video_mix_lab/processed/hrv/pre-04-001_part_2_neutral.mkv,30.3
pre-04-001,joy,/data/sit_22_alu_video_mix_lab/processed/hrv/pre-04-001_part_2_joy.mkv,30.3
pre-04-001,disgust,/data/sit_22_alu_video_mix_lab/processed/hrv/pre-04-001_part_2_disgust.mkv,30.3
pre-04-003,neutral,/data/sit_22_alu_video_mix_lab/processed/hrv/pre-04-003_part_3_neutral.mkv,30.3
pre-04-003,joy,/data/sit_22_alu_video_mix_lab/processed/hrv/pre-04-003_part_3_joy.mkv,30.3
pre-04-003,disgust,/data/sit_22_alu_video_mix_lab/processed/hrv/pre-04-003_part_3_disgust.mkv,30.3
pre-04-004,neutral,/data/sit_22_alu_video_mix_lab/processed/hrv/pre-04-004_part_2_neutral.mkv,30.3
pre-04-004,joy,/data/sit_22_alu_video_mix_lab/processed/hrv/pre-04-004_part_2_joy.mkv,30.3
pre-04-004,disgust,/data/sit_22_alu_video_mix_lab/processed/hrv/pre-04-004_part_2_disgust.mkv,30.3
pre-04-005,neutral,/data/sit_22_alu_video_mix_lab/processed/hrv/pre-04-005_part_2_neutral.mkv,30.3
pre-04-005,joy,/data/sit_22_alu_video_mix_lab/processed/hrv/pre-04-005_part_2_joy.mkv,30.3
pre-04-005,disgust,/data/sit_22_alu_video_mix_lab/processed/hrv/pre-04-005_part_2_disgust.mkv,30.3
pre-04-006,neutral,/data/sit_22_alu_video_mix_lab/processed/hrv/pre-04-006_part_2_neutral.mkv,30.3
pre-04-006,joy,/data/sit_22_alu_video_mix_lab/processed/hrv/pre-04-006_part_2_joy.mkv,30.3
pre-04-006,disgust,/data/sit_22_alu_video_mix_lab/processed/hrv/pre-04-006_part_2_disgust.mkv,30.3
pre-04-007,neutral,/data/sit_22_alu_video_mix_lab/processed/hrv/pre-04-007_part_2_neutral.mkv,30.3
pre-04-007,joy,/data/sit_22_alu_video_mix_lab/processed/hrv/pre-04-007_part_2_joy.mkv,30.3
pre-04-007,disgust,/data/sit_22_alu_video_mix_lab/processed/hrv/pre-04-007_part_2_disgust.mkv,30.3
pre-04-011,neutral,/data/sit_22_alu_video_mix_lab/processed/hrv/pre-04-011_part_2_neutral.mkv,30.3
pre-04-011,joy,/data/sit_22_alu_video_mix_lab/processed/hrv/pre-04-011_part_2_joy.mkv,30.3
pre-04-011,disgust,/data/sit_22_alu_video_mix_lab/processed/hrv/pre-04-011_part_2_disgust.mkv,30.3
pre-04-012,neutral,/data/sit_22_alu_video_mix_lab/processed/hrv/pre-04-012_part_2_neutral.mkv,30.3
pre-04-012,joy,/data/sit_22_alu_video_mix_lab/processed/hrv/pre-04-012_part_2_joy.mkv,30.3
pre-04-012,disgust,/data/sit_22_alu_video_mix_lab/processed/hrv/pre-04-012_part_2_disgust.mkv,30.3
pre-04-013,neutral,/data/sit_22_alu_video_mix_lab/processed/hrv/pre-04-013_part_2_neutral.mkv,30.3
pre-04-013,joy,/data/sit_22_alu_video_mix_lab/processed/hrv/pre-04-013_part_2_joy.mkv,30.3
pre-04-013,disgust,/data/sit_22_alu_video_mix_lab/processed/hrv/pre-04-013_part_2_disgust.mkv,30.3
pre-04-014,neutral,/data/sit_22_alu_video_mix_lab/processed/hrv/pre-04-014_part_2_neutral.mkv,30.3
pre-04-014,joy,/data/sit_22_alu_video_mix_lab/processed/hrv/pre-04-014_part_2_joy.mkv,30.3
pre-04-014,disgust,/data/sit_22_alu_video_mix_lab/processed/hrv/pre-04-014_part_2_disgust.mkv,30.3
pre-04-015,neutral,/data/sit_22_alu_video_mix_lab/processed/hrv/pre-04-015_part_2_neutral.mkv,30.3
pre-04-015,joy,/data/sit_22_alu_video_mix_lab/processed/hrv/pre-04-015_part_2_joy.mkv,30.3
pre-04-015,disgust,/data/sit_22_alu_video_mix_lab/processed/hrv/pre-04-015_part_2_disgust.mkv,30.3
pre-04-016,neutral,/data/sit_22_alu_video_mix_lab/processed/hrv/pre-04-016_part_2_neutral.mkv,30.3
pre-04-016,joy,/data/sit_22_alu_video_mix_lab/processed/hrv/pre-04-016_part_2_joy.mkv,30.3
pre-04-016,disgust,/data/sit_22_alu_video_mix_lab/processed/hrv/pre-04-016_part_2_disgust.mkv,30.3
pre-04-017,neutral,/data/sit_22_alu_video_mix_lab/processed/hrv/pre-04-017_part_2_neutral.mkv,30.3
pre-04-017,joy,/data/sit_22_alu_video_mix_lab/processed/hrv/pre-04-017_part_2_joy.mkv,30.3
pre-04-017,disgust,/data/sit_22_alu_video_mix_lab/processed/hrv/pre-04-017_part_2_disgust.mkv,30.3
pre-04-020,neutral,/data/sit_22_alu_video_mix_lab/processed/hrv/pre-04-020_part_2_neutral.mkv,30.3
pre-04-020,joy,/data/sit_22_alu_video_mix_lab/processed/hrv/pre-04-020_part_2_joy.mkv,30.3
pre-04-020,disgust,/data/sit_22_alu_video_mix_lab/processed/hrv/pre-04-020_part_2_disgust.mkv,30.3
pre-04-023,neutral,/data/sit_22_alu_video_mix_lab/processed/hrv/pre-04-023_part_2_neutral.mkv,30.3
pre-04-023,joy,/data/sit_22_alu_video_mix_lab/processed/hrv/pre-04-023_part_2_joy.mkv,30.3
pre-04-023,disgust,/data/sit_22_alu_video_mix_lab/processed/hrv/pre-04-023_part_2_disgust.mkv,30.3
pre-04-026,neutral,/data/sit_22_alu_video_mix_lab/processed/hrv/pre-04-026_part_3_neutral.mkv,30.3
pre-04-026,joy,/data/sit_22_alu_video_mix_lab/processed/hrv/pre-04-026_part_3_joy.mkv,30.3
pre-04-026,disgust,/data/sit_22_alu_video_mix_lab/processed/hrv/pre-04-026_part_3_disgust.mkv,30.3
pre-04-027,neutral,/data/sit_22_alu_video_mix_lab/processed/hrv/pre-04-027_part_2_neutral.mkv,30.3
pre-04-027,joy,/data/sit_22_alu_video_mix_lab/processed/hrv/pre-04-027_part_2_joy.mkv,30.3
pre-04-027,disgust,/data/sit_22_alu_video_mix_lab/processed/hrv/pre-04-027_part_2_disgust.mkv,30.3
pre-04-029,neutral,/data/sit_22_alu_video_mix_lab/processed/hrv/pre-04-029_part_2_neutral.mkv,30.3
pre-04-029,joy,/data/sit_22_alu_video_mix_lab/processed/hrv/pre-04-029_part_2_joy.mkv,30.3
pre-04-029,disgust,/data/sit_22_alu_video_mix_lab/processed/hrv/pre-04-029_part_2_disgust.mkv,30.3
pre-04-030,neutral,/data/sit_22_alu_video_mix_lab/processed/hrv/pre-04-030_part_3_neutral.mkv,30.3
pre-04-030,joy,/data/sit_22_alu_video_mix_lab/processed/hrv/pre-04-030_part_3_joy.mkv,30.3
pre-04-030,disgust,/data/sit_22_alu_video_mix_lab/processed/hrv/pre-04-030_part_3_disgust.mkv,30.3
pre-04-032,neutral,/data/sit_22_alu_video_mix_lab/processed/hrv/pre-04-032_part_2_neutral.mkv,30.3
pre-04-032,joy,/data/sit_22_alu_video_mix_lab/processed/hrv/pre-04-032_part_2_joy.mkv,30.3
pre-04-032,disgust,/data/sit_22_alu_video_mix_lab/processed/hrv/pre-04-032_part_2_disgust.mkv,30.3
pre-04-035,neutral,/data/sit_22_alu_video_mix_lab/processed/hrv/pre-04-035_part_2_neutral.mkv,30.3
pre-04-035,joy,/data/sit_22_alu_video_mix_lab/processed/hrv/pre-04-035_part_2_joy.mkv,30.3
pre-04-035,disgust,/data/sit_22_alu_video_mix_lab/processed/hrv/pre-04-035_part_2_disgust.mkv,30.3
pre-04-037,neutral,/data/sit_22_alu_video_mix_lab/processed/hrv/pre-04-037_part_2_neutral.mkv,30.3
pre-04-037,joy,/data/sit_22_alu_video_mix_lab/processed/hrv/pre-04-037_part_2_joy.mkv,30.3
pre-04-037,disgust,/data/sit_22_alu_video_mix_lab/processed/hrv/pre-04-037_part_2_disgust.mkv,30.3
pre-04-044,neutral,/data/sit_22_alu_video_mix_lab/processed/hrv/pre-04-044_part_2_neutral.mkv,30.3
pre-04-044,joy,/data/sit_22_alu_video_mix_lab/processed/hrv/pre-04-044_part_2_joy.mkv,30.3
pre-04-044,disgust,/data/sit_22_alu_video_mix_lab/processed/hrv/pre-04-044_part_2_disgust.mkv,30.3
pre-04-045,neutral,/data/sit_22_alu_video_mix_lab/processed/hrv/pre-04-045_part_2_neutral.mkv,30.3
pre-04-045,joy,/data/sit_22_alu_video_mix_lab/processed/hrv/pre-04-045_part_2_joy.mkv,30.3
pre-04-045,disgust,/data/sit_22_alu_video_mix_lab/processed/hrv/pre-04-045_part_2_disgust.mkv,30.3
pre-04-048,neutral,/data/sit_22_alu_video_mix_lab/processed/hrv/pre-04-048_part_2_neutral.mkv,30.3
pre-04-048,joy,/data/sit_22_alu_video_mix_lab/processed/hrv/pre-04-048_part_2_joy.mkv,30.3
pre-04-048,disgust,/data/sit_22_alu_video_mix_lab/processed/hrv/pre-04-048_part_2_disgust.mkv,30.3
pre-04-051,neutral,/data/sit_22_alu_video_mix_lab/processed/hrv/pre-04-051_part_2_neutral.mkv,30.3
pre-04-051,joy,/data/sit_22_alu_video_mix_lab/processed/hrv/pre-04-051_part_2_joy.mkv,30.3
pre-04-051,disgust,/data/sit_22_alu_video_mix_lab/processed/hrv/pre-04-051_part_2_disgust.mkv,30.3
pre-04-053,neutral,/data/sit_22_alu_video_mix_lab/processed/hrv/pre-04-053_part_2_neutral.mkv,30.3
pre-04-053,joy,/data/sit_22_alu_video_mix_lab/processed/hrv/pre-04-053_part_2_joy.mkv,30.3
pre-04-053,disgust,/data/sit_22_alu_video_mix_lab/processed/hrv/pre-04-053_part_2_disgust.mkv,30.3
pre-04-055,neutral,/data/sit_22_alu_video_mix_lab/processed/hrv/pre-04-055_part_3_neutral.mkv,30.3
pre-04-055,joy,/data/sit_22_alu_video_mix_lab/processed/hrv/pre-04-055_part_3_joy.mkv,30.3
pre-04-055,disgust,/data/sit_22_alu_video_mix_lab/processed/hrv/pre-04-055_part_3_disgust.mkv,30.3
pre-04-056,neutral,/data/sit_22_alu_video_mix_lab/processed/hrv/pre-04-056_part_3_neutral.mkv,30.3
pre-04-056,joy,/data/sit_22_alu_video_mix_lab/processed/hrv/pre-04-056_part_3_joy.mkv,30.3
pre-04-056,disgust,/data/sit_22_alu_video_mix_lab/processed/hrv/pre-04-056_part_3_disgust.mkv,30.3
pre-04-057,neutral,/data/sit_22_alu_video_mix_lab/processed/hrv/pre-04-057_part_2_neutral.mkv,30.3
pre-04-057,joy,/data/sit_22_alu_video_mix_lab/processed/hrv/pre-04-057_part_2_joy.mkv,30.3
pre-04-057,disgust,/data/sit_22_alu_video_mix_lab/processed/hrv/pre-04-057_part_2_disgust.mkv,30.3
pre-04-066,neutral,/data/sit_22_alu_video_mix_lab/processed/hrv/pre-04-066_part_2_neutral.mkv,30.3
pre-04-066,joy,/data/sit_22_alu_video_mix_lab/processed/hrv/pre-04-066_part_2_joy.mkv,30.3
pre-04-066,disgust,/data/sit_22_alu_video_mix_lab/processed/hrv/pre-04-066_part_2_disgust.mkv,30.3
pre-04-070,neutral,/data/sit_22_alu_video_mix_lab/processed/hrv/pre-04-070_part_2_neutral.mkv,30.3
pre-04-070,joy,/data/sit_22_alu_video_mix_lab/processed/hrv/pre-04-070_part_2_joy.mkv,30.3
pre-04-070,disgust,/data/sit_22_alu_video_mix_lab/processed/hrv/pre-04-070_part_2_disgust.mkv,30.3
pre-04-071,neutral,/data/sit_22_alu_video_mix_lab/processed/hrv/pre-04-071_part_2_neutral.mkv,30.3
pre-04-071,joy,/data/sit_22_alu_video_mix_lab/processed/hrv/pre-04-071_part_2_joy.mkv,30.3
pre-04-071,disgust,/data/sit_22_alu_video_mix_lab/processed/hrv/pre-04-071_part_2_disgust.mkv,30.3
pre-04-072,neutral,/data/sit_22_alu_video_mix_lab/processed/hrv/pre-04-072_part_2_neutral.mkv,30.3
pre-04-072,joy,/data/sit_22_alu_video_mix_lab/processed/hrv/pre-04-072_part_2_joy.mkv,30.3
pre-04-072,disgust,/data/sit_22_alu_video_mix_lab/processed/hrv/pre-04-072_part_2_disgust.mkv,30.3
pre-04-075,neutral,/data/sit_22_alu_video_mix_lab/processed/hrv/pre-04-075_part_2_neutral.mkv,30.3
pre-04-075,joy,/data/sit_22_alu_video_mix_lab/processed/hrv/pre-04-075_part_2_joy.mkv,30.3
pre-04-075,disgust,/data/sit_22_alu_video_mix_lab/processed/hrv/pre-04-075_part_2_disgust.mkv,30.3
pre-04-076,neutral,/data/sit_22_alu_video_mix_lab/processed/hrv/pre-04-076_part_2_neutral.mkv,30.3
pre-04-076,joy,/data/sit_22_alu_video_mix_lab/processed/hrv/pre-04-076_part_2_joy.mkv,30.3
pre-04-076,disgust,/data/sit_22_alu_video_mix_lab/processed/hrv/pre-04-076_part_2_disgust.mkv,30.3
pre-04-077,neutral,/data/sit_22_alu_video_mix_lab/processed/hrv/pre-04-077_part_2_neutral.mkv,30.3
pre-04-077,joy,/data/sit_22_alu_video_mix_lab/processed/hrv/pre-04-077_part_2_joy.mkv,30.3
pre-04-077,disgust,/data/sit_22_alu_video_mix_lab/processed/hrv/pre-04-077_part_2_disgust.mkv,30.3
pre-04-078,neutral,/data/sit_22_alu_video_mix_lab/processed/hrv/pre-04-078_part_3_neutral.mkv,30.3
pre-04-078,joy,/data/sit_22_alu_video_mix_lab/processed/hrv/pre-04-078_part_3_joy.mkv,30.3
pre-04-078,disgust,/data/sit_22_alu_video_mix_lab/processed/hrv/pre-04-078_part_3_disgust.mkv,30.3
pre-04-081,neutral,/data/sit_22_alu_video_mix_lab/processed/hrv/pre-04-081_part_2_neutral.mkv,30.3
pre-04-081,joy,/data/sit_22_alu_video_mix_lab/processed/hrv/pre-04-081_part_2_joy.mkv,30.3
pre-04-081,disgust,/data/sit_22_alu_video_mix_lab/processed/hrv/pre-04-081_part_2_disgust.mkv,30.3
pre-04-082,neutral,/data/sit_22_alu_video_mix_lab/processed/hrv/pre-04-082_part_2_neutral.mkv,30.3
pre-04-082,joy,/data/sit_22_alu_video_mix_lab/processed/hrv/pre-04-082_part_2_joy.mkv,30.3
pre-04-082,disgust,/data/sit_22_alu_video_mix_lab/processed/hrv/pre-04-082_part_2_disgust.mkv,30.3
pre-04-083,neutral,/data/sit_22_alu_video_mix_lab/processed/hrv/pre-04-083_part_2_neutral.mkv,30.3
pre-04-083,joy,/data/sit_22_alu_video_mix_lab/processed/hrv/pre-04-083_part_2_joy.mkv,30.3
pre-04-083,disgust,/data/sit_22_alu_video_mix_lab/processed/hrv/pre-04-083_part_2_disgust.mkv,30.3
pre-04-085,neutral,/data/sit_22_alu_video_mix_lab/processed/hrv/pre-04-085_part_2_neutral.mkv,30.3
pre-04-085,joy,/data/sit_22_alu_video_mix_lab/processed/hrv/pre-04-085_part_2_joy.mkv,30.3
pre-04-085,disgust,/data/sit_22_alu_video_mix_lab/processed/hrv/pre-04-085_part_2_disgust.mkv,30.3
pre-04-090,neutral,/data/sit_22_alu_video_mix_lab/processed/hrv/pre-04-090_part_2_neutral.mkv,30.3
pre-04-090,joy,/data/sit_22_alu_video_mix_lab/processed/hrv/pre-04-090_part_2_joy.mkv,30.3
pre-04-090,disgust,/data/sit_22_alu_video_mix_lab/processed/hrv/pre-04-090_part_2_disgust.mkv,30.3
pre-04-091,neutral,/data/sit_22_alu_video_mix_lab/processed/hrv/pre-04-091_part_2_neutral.mkv,30.3
pre-04-091,joy,/data/sit_22_alu_video_mix_lab/processed/hrv/pre-04-091_part_2_joy.mkv,30.3
pre-04-091,disgust,/data/sit_22_alu_video_mix_lab/processed/hrv/pre-04-091_part_2_disgust.mkv,30.3
pre-04-098,neutral,/data/sit_22_alu_video_mix_lab/processed/hrv/pre-04-098_part_2_neutral.mkv,30.3
pre-04-098,joy,/data/sit_22_alu_video_mix_lab/processed/hrv/pre-04-098_part_2_joy.mkv,30.3
pre-04-098,disgust,/data/sit_22_alu_video_mix_lab/processed/hrv/pre-04-098_part_2_disgust.mkv,30.3
pre-04-100,neutral,/data/sit_22_alu_video_mix_lab/processed/hrv/pre-04-100_part_2_neutral.mkv,30.3
pre-04-100,joy,/data/sit_22_alu_video_mix_lab/processed/hrv/pre-04-100_part_2_joy.mkv,30.3
pre-04-100,disgust,/data/sit_22_alu_video_mix_lab/processed/hrv/pre-04-100_part_2_disgust.mkv,30.3
pre-04-101,neutral,/data/sit_22_alu_video_mix_lab/processed/hrv/pre-04-101_part_2_neutral.mkv,30.3
pre-04-101,joy,/data/sit_22_alu_video_mix_lab/processed/hrv/pre-04-101_part_2_joy.mkv,30.3
pre-04-101,disgust,/data/sit_22_alu_video_mix_lab/processed/hrv/pre-04-101_part_2_disgust.mkv,30.3
pre-04-103,neutral,/data/sit_22_alu_video_mix_lab/processed/hrv/pre-04-103_part_2_neutral.mkv,30.3
pre-04-103,joy,/data/sit_22_alu_video_mix_lab/processed/hrv/pre-04-103_part_2_joy.mkv,30.3
pre-04-103,disgust,/data/sit_22_alu_video_mix_lab/processed/hrv/pre-04-103_part_2_disgust.mkv,30.3
pre-04-108,neutral,/data/sit_22_alu_video_mix_lab/processed/hrv/pre-04-108_part_2_neutral.mkv,30.3
pre-04-108,joy,/data/sit_22_alu_video_mix_lab/processed/hrv/pre-04-108_part_2_joy.mkv,30.3
pre-04-108,disgust,/data/sit_22_alu_video_mix_lab/processed/hrv/pre-04-108_part_2_disgust.mkv,30.3
pre-04-110,neutral,/data/sit_22_alu_video_mix_lab/processed/hrv/pre-04-110_part_2_neutral.mkv,30.3
pre-04-110,joy,/data/sit_22_alu_video_mix_lab/processed/hrv/pre-04-110_part_2_joy.mkv,30.3
pre-04-110,disgust,/data/sit_22_alu_video_mix_lab/processed/hrv/pre-04-110_part_2_disgust.mkv,30.3
pre-04-113,neutral,/data/sit_22_alu_video_mix_lab/processed/hrv/pre-04-113_part_2_neutral.mkv,30.3
pre-04-113,joy,/data/sit_22_alu_video_mix_lab/processed/hrv/pre-04-113_part_2_joy.mkv,30.3
pre-04-113,disgust,/data/sit_22_alu_video_mix_lab/processed/hrv/pre-04-113_part_2_disgust.mkv,30.3
pre-04-115,neutral,/data/sit_22_alu_video_mix_lab/processed/hrv/pre-04-115_part_2_neutral.mkv,30.3
pre-04-115,joy,/data/sit_22_alu_video_mix_lab/processed/hrv/pre-04-115_part_2_joy.mkv,30.3
pre-04-115,disgust,/data/sit_22_alu_video_mix_lab/processed/hrv/pre-04-115_part_2_disgust.mkv,30.3
pre-04-120,neutral,/data/sit_22_alu_video_mix_lab/processed/hrv/pre-04-120_part_3_neutral.mkv,30.3
pre-04-120,joy,/data/sit_22_alu_video_mix_lab/processed/hrv/pre-04-120_part_3_joy.mkv,30.3
pre-04-120,disgust,/data/sit_22_alu_video_mix_lab/processed/hrv/pre-04-120_part_3_disgust.mkv,30.3
pre-04-122,neutral,/data/sit_22_alu_video_mix_lab/processed/hrv/pre-04-122_part_2_neutral.mkv,30.3
pre-04-122,joy,/data/sit_22_alu_video_mix_lab/processed/hrv/pre-04-122_part_2_joy.mkv,30.3
pre-04-122,disgust,/data/sit_22_alu_video_mix_lab/processed/hrv/pre-04-122_part_2_disgust.mkv,30.3
pre-04-124,neutral,/data/sit_22_alu_video_mix_lab/processed/hrv/pre-04-124_part_2_neutral.mkv,30.3
pre-04-124,joy,/data/sit_22_alu_video_mix_lab/processed/hrv/pre-04-124_part_2_joy.mkv,30.3
pre-04-124,disgust,/data/sit_22_alu_video_mix_lab/processed/hrv/pre-04-124_part_2_disgust.mkv,30.3
pre-04-125,neutral,/data/sit_22_alu_video_mix_lab/processed/hrv/pre-04-125_part_2_neutral.mkv,30.3
pre-04-125,joy,/data/sit_22_alu_video_mix_lab/processed/hrv/pre-04-125_part_2_joy.mkv,30.3
pre-04-125,disgust,/data/sit_22_alu_video_mix_lab/processed/hrv/pre-04-125_part_2_disgust.mkv,30.3
pre-04-129,neutral,/data/sit_22_alu_video_mix_lab/processed/hrv/pre-04-129_part_2_neutral.mkv,30.3
pre-04-129,joy,/data/sit_22_alu_video_mix_lab/processed/hrv/pre-04-129_part_2_joy.mkv,30.3
pre-04-129,disgust,/data/sit_22_alu_video_mix_lab/processed/hrv/pre-04-129_part_2_disgust.mkv,30.3
pre-04-130,neutral,/data/sit_22_alu_video_mix_lab/processed/hrv/pre-04-130_part_2_neutral.mkv,30.3
pre-04-130,joy,/data/sit_22_alu_video_mix_lab/processed/hrv/pre-04-130_part_2_joy.mkv,30.3
pre-04-130,disgust,/data/sit_22_alu_video_mix_lab/processed/hrv/pre-04-130_part_2_disgust.mkv,30.3
pre-04-144,neutral,/data/sit_22_alu_video_mix_lab/processed/hrv/pre-04-144_part_2_neutral.mkv,30.3
pre-04-144,joy,/data/sit_22_alu_video_mix_lab/processed/hrv/pre-04-144_part_2_joy.mkv,30.3
pre-04-144,disgust,/data/sit_22_alu_video_mix_lab/processed/hrv/pre-04-144_part_2_disgust.mkv,30.3
pre-04-147,neutral,/data/sit_22_alu_video_mix_lab/processed/hrv/pre-04-147_part_2_neutral.mkv,30.3
pre-04-147,joy,/data/sit_22_alu_video_mix_lab/processed/hrv/pre-04-147_part_2_joy.mkv,30.3
pre-04-147,disgust,/data/sit_22_alu_video_mix_lab/processed/hrv/pre-04-147_part_2_disgust.mkv,30.3
pre-04-151,neutral,/data/sit_22_alu_video_mix_lab/processed/hrv/pre-04-151_part_2_neutral.mkv,30.3
pre-04-151,joy,/data/sit_22_alu_video_mix_lab/processed/hrv/pre-04-151_part_2_joy.mkv,30.3
pre-04-151,disgust,/data/sit_22_alu_video_mix_lab/processed/hrv/pre-04-151_part_2_disgust.mkv,30.3
pre-04-176,neutral,/data/sit_22_alu_video_mix_lab/processed/hrv/pre-04-176_part_2_neutral.mkv,30.3
pre-04-176,joy,/data/sit_22_alu_video_mix_lab/processed/hrv/pre-04-176_part_2_joy.mkv,30.3
pre-04-176,disgust,/data/sit_22_alu_video_mix_lab/processed/hrv/pre-04-176_part_2_disgust.mkv,30.3
pre-04-182,neutral,/data/sit_22_alu_video_mix_lab/processed/hrv/pre-04-182_part_2_neutral.mkv,30.3
pre-04-182,joy,/data/sit_22_alu_video_mix_lab/processed/hrv/pre-04-182_part_2_joy.mkv,30.3
pre-04-182,disgust,/data/sit_22_alu_video_mix_lab/processed/hrv/pre-04-182_part_2_disgust.mkv,30.3
pre-04-184,neutral,/data/sit_22_alu_video_mix_lab/processed/hrv/pre-04-184_part_2_neutral.mkv,30.3
pre-04-184,joy,/data/sit_22_alu_video_mix_lab/processed/hrv/pre-04-184_part_2_joy.mkv,30.3
pre-04-184,disgust,/data/sit_22_alu_video_mix_lab/processed/hrv/pre-04-184_part_2_disgust.mkv,30.3
pre-04-186,neutral,/data/sit_22_alu_video_mix_lab/processed/hrv/pre-04-186_part_2_neutral.mkv,30.3
pre-04-186,joy,/data/sit_22_alu_video_mix_lab/processed/hrv/pre-04-186_part_2_joy.mkv,30.3
pre-04-186,disgust,/data/sit_22_alu_video_mix_lab/processed/hrv/pre-04-186_part_2_disgust.mkv,30.3
pre-04-64,neutral,/data/sit_22_alu_video_mix_lab/processed/hrv/pre-04-64_part_2_neutral.mkv,30.3
pre-04-64,joy,/data/sit_22_alu_video_mix_lab/processed/hrv/pre-04-64_part_2_joy.mkv,30.3
pre-04-64,disgust,/data/sit_22_alu_video_mix_lab/processed/hrv/pre-04-64_part_2_disgust.mkv,30.3
pre-05-031,neutral,/data/sit_22_alu_video_mix_lab/processed/hrv/pre-05-031_part_2_neutral.mkv,30.3
pre-05-031,joy,/data/sit_22_alu_video_mix_lab/processed/hrv/pre-05-031_part_2_joy.mkv,30.3
pre-05-031,disgust,/data/sit_22_alu_video_mix_lab/processed/hrv/pre-05-031_part_2_disgust.mkv,30.3
pre-05-041,neutral,/data/sit_22_alu_video_mix_lab/processed/hrv/pre-05-041_part_2_neutral.mkv,30.3
pre-05-041,joy,/data/sit_22_alu_video_mix_lab/processed/hrv/pre-05-041_part_2_joy.mkv,30.3
pre-05-041,disgust,/data/sit_22_alu_video_mix_lab/processed/hrv/pre-05-041_part_2_disgust.mkv,30.3
pre-05-045,neutral,/data/sit_22_alu_video_mix_lab/processed/hrv/pre-05-045_part_2_neutral.mkv,30.3
pre-05-045,joy,/data/sit_22_alu_video_mix_lab/processed/hrv/pre-05-045_part_2_joy.mkv,30.3
pre-05-045,disgust,/data/sit_22_alu_video_mix_lab/processed/hrv/pre-05-045_part_2_disgust.mkv,30.3
pre-05-053,neutral,/data/sit_22_alu_video_mix_lab/processed/hrv/pre-05-053_part_2_neutral.mkv,30.3
pre-05-053,joy,/data/sit_22_alu_video_mix_lab/processed/hrv/pre-05-053_part_2_joy.mkv,30.3
pre-05-053,disgust,/data/sit_22_alu_video_mix_lab/processed/hrv/pre-05-053_part_2_disgust.mkv,30.3
pre-05-055,neutral,/data/sit_22_alu_video_mix_lab/processed/hrv/pre-05-055_part_2_neutral.mkv,30.3
pre-05-055,joy,/data/sit_22_alu_video_mix_lab/processed/hrv/pre-05-055_part_2_joy.mkv,30.3
pre-05-055,disgust,/data/sit_22_alu_video_mix_lab/processed/hrv/pre-05-055_part_2_disgust.mkv,30.3
pre-94-001,neutral,/data/sit_22_alu_video_mix_lab/processed/hrv/pre-94-001_part_2_neutral.mkv,30.3
pre-94-001,joy,/data/sit_22_alu_video_mix_lab/processed/hrv/pre-94-001_part_2_joy.mkv,30.3
pre-94-001,disgust,/data/sit_22_alu_video_mix_lab/processed/hrv/pre-94-001_part_2_disgust.mkv,30.3
pre-94-003,neutral,/data/sit_22_alu_video_mix_lab/processed/hrv/pre-94-003_part_2_neutral.mkv,30.3
pre-94-003,joy,/data/sit_22_alu_video_mix_lab/processed/hrv/pre-94-003_part_2_joy.mkv,30.3
pre-94-003,disgust,/data/sit_22_alu_video_mix_lab/processed/hrv/pre-94-003_part_2_disgust.mkv,30.3
pre-94-004,neutral,/data/sit_22_alu_video_mix_lab/processed/hrv/pre-94-004_part_2_neutral.mkv,30.3
pre-94-004,joy,/data/sit_22_alu_video_mix_lab/processed/hrv/pre-94-004_part_2_joy.mkv,30.3
pre-94-004,disgust,/data/sit_22_alu_video_mix_lab/processed/hrv/pre-94-004_part_2_disgust.mkv,30.3
pre-94-005,neutral,/data/sit_22_alu_video_mix_lab/processed/hrv/pre-94-005_part_2_neutral.mkv,30.3
pre-94-005,joy,/data/sit_22_alu_video_mix_lab/processed/hrv/pre-94-005_part_2_joy.mkv,30.3
pre-94-005,disgust,/data/sit_22_alu_video_mix_lab/processed/hrv/pre-94-005_part_2_disgust.mkv,30.3
pre-94-006,neutral,/data/sit_22_alu_video_mix_lab/processed/hrv/pre-94-006_part_2_neutral.mkv,30.3
pre-94-006,joy,/data/sit_22_alu_video_mix_lab/processed/hrv/pre-94-006_part_2_joy.mkv,30.3
pre-94-006,disgust,/data/sit_22_alu_video_mix_lab/processed/hrv/pre-94-006_part_2_disgust.mkv,30.3
pre-94-007,neutral,/data/sit_22_alu_video_mix_lab/processed/hrv/pre-94-007_part_2_neutral.mkv,30.3
pre-94-007,joy,/data/sit_22_alu_video_mix_lab/processed/hrv/pre-94-007_part_2_joy.mkv,30.3
pre-94-007,disgust,/data/sit_22_alu_video_mix_lab/processed/hrv/pre-94-007_part_2_disgust.mkv,30.3
pre-94-008,neutral,/data/sit_22_alu_video_mix_lab/processed/hrv/pre-94-008_part_2_neutral.mkv,30.3
pre-94-008,joy,/data/sit_22_alu_video_mix_lab/processed/hrv/pre-94-008_part_2_joy.mkv,30.3
pre-94-008,disgust,/data/sit_22_alu_video_mix_lab/processed/hrv/pre-94-008_part_2_disgust.mkv,30.3
pre-94-009,neutral,/data/sit_22_alu_video_mix_lab/processed/hrv/pre-94-009_part_2_neutral.mkv,30.3
pre-94-009,joy,/data/sit_22_alu_video_mix_lab/processed/hrv/pre-94-009_part_2_joy.mkv,30.3
pre-94-009,disgust,/data/sit_22_alu_video_mix_lab/processed/hrv/pre-94-009_part_2_disgust.mkv,30.3
pre-94-010,neutral,/data/sit_22_alu_video_mix_lab/processed/hrv/pre-94-010_part_2_neutral.mkv,30.3
pre-94-010,joy,/data/sit_22_alu_video_mix_lab/processed/hrv/pre-94-010_part_2_joy.mkv,30.3
pre-94-010,disgust,/data/sit_22_alu_video_mix_lab/processed/hrv/pre-94-010_part_2_disgust.mkv,30.3
pre-94-012,neutral,/data/sit_22_alu_video_mix_lab/processed/hrv/pre-94-012_part_2_neutral.mkv,30.3
pre-94-012,joy,/data/sit_22_alu_video_mix_lab/processed/hrv/pre-94-012_part_2_joy.mkv,30.3
pre-94-012,disgust,/data/sit_22_alu_video_mix_lab/processed/hrv/pre-94-012_part_2_disgust.mkv,30.3
pre-94-013,neutral,/data/sit_22_alu_video_mix_lab/processed/hrv/pre-94-013_part_2_neutral.mkv,30.3
pre-94-013,joy,/data/sit_22_alu_video_mix_lab/processed/hrv/pre-94-013_part_2_joy.mkv,30.3
pre-94-013,disgust,/data/sit_22_alu_video_mix_lab/processed/hrv/pre-94-013_part_2_disgust.mkv,30.3
pre-94-014,neutral,/data/sit_22_alu_video_mix_lab/processed/hrv/pre-94-014_part_2_neutral.mkv,30.3
pre-94-014,joy,/data/sit_22_alu_video_mix_lab/processed/hrv/pre-94-014_part_2_joy.mkv,30.3
pre-94-014,disgust,/data/sit_22_alu_video_mix_lab/processed/hrv/pre-94-014_part_2_disgust.mkv,30.3
pre-94-015,neutral,/data/sit_22_alu_video_mix_lab/processed/hrv/pre-94-015_part_3_neutral.mkv,30.3
pre-94-015,joy,/data/sit_22_alu_video_mix_lab/processed/hrv/pre-94-015_part_3_joy.mkv,30.3
pre-94-015,disgust,/data/sit_22_alu_video_mix_lab/processed/hrv/pre-94-015_part_3_disgust.mkv,30.3
pre-94-016,neutral,/data/sit_22_alu_video_mix_lab/processed/hrv/pre-94-016_part_2_neutral.mkv,30.3
pre-94-016,joy,/data/sit_22_alu_video_mix_lab/processed/hrv/pre-94-016_part_2_joy.mkv,30.3
pre-94-016,disgust,/data/sit_22_alu_video_mix_lab/processed/hrv/pre-94-016_part_2_disgust.mkv,30.3
pre-94-020,neutral,/data/sit_22_alu_video_mix_lab/processed/hrv/pre-94-020_part_2_neutral.mkv,30.3
pre-94-020,joy,/data/sit_22_alu_video_mix_lab/processed/hrv/pre-94-020_part_2_joy.mkv,30.3
pre-94-020,disgust,/data/sit_22_alu_video_mix_lab/processed/hrv/pre-94-020_part_2_disgust.mkv,30.3
pre-94-021,neutral,/data/sit_22_alu_video_mix_lab/processed/hrv/pre-94-021_part_2_neutral.mkv,30.3
pre-94-021,joy,/data/sit_22_alu_video_mix_lab/processed/hrv/pre-94-021_part_2_joy.mkv,30.3
pre-94-021,disgust,/data/sit_22_alu_video_mix_lab/processed/hrv/pre-94-021_part_2_disgust.mkv,30.3
pre-94-024,neutral,/data/sit_22_alu_video_mix_lab/processed/hrv/pre-94-024_part_2_neutral.mkv,30.3
pre-94-024,joy,/data/sit_22_alu_video_mix_lab/processed/hrv/pre-94-024_part_2_joy.mkv,30.3
pre-94-024,disgust,/data/sit_22_alu_video_mix_lab/processed/hrv/pre-94-024_part_2_disgust.mkv,30.3
pre-94-025,neutral,/data/sit_22_alu_video_mix_lab/processed/hrv/pre-94-025_part_2_neutral.mkv,30.3
pre-94-025,joy,/data/sit_22_alu_video_mix_lab/processed/hrv/pre-94-025_part_2_joy.mkv,30.3
pre-94-025,disgust,/data/sit_22_alu_video_mix_lab/processed/hrv/pre-94-025_part_2_disgust.mkv,30.3
pre-94-027,neutral,/data/sit_22_alu_video_mix_lab/processed/hrv/pre-94-027_part_3_neutral.mkv,30.3
pre-94-027,joy,/data/sit_22_alu_video_mix_lab/processed/hrv/pre-94-027_part_3_joy.mkv,30.3
pre-94-027,disgust,/data/sit_22_alu_video_mix_lab/processed/hrv/pre-94-027_part_3_disgust.mkv,30.3
pre-94-028,neutral,/data/sit_22_alu_video_mix_lab/processed/hrv/pre-94-028_part_2_neutral.mkv,30.3
pre-94-028,joy,/data/sit_22_alu_video_mix_lab/processed/hrv/pre-94-028_part_2_joy.mkv,30.3
pre-94-028,disgust,/data/sit_22_alu_video_mix_lab/processed/hrv/pre-94-028_part_2_disgust.mkv,30.3
pre-94-029,neutral,/data/sit_22_alu_video_mix_lab/processed/hrv/pre-94-029_part_2_neutral.mkv,30.3
pre-94-029,joy,/data/sit_22_alu_video_mix_lab/processed/hrv/pre-94-029_part_2_joy.mkv,30.3
pre-94-029,disgust,/data/sit_22_alu_video_mix_lab/processed/hrv/pre-94-029_part_2_disgust.mkv,30.3
pre-94-030,neutral,/data/sit_22_alu_video_mix_lab/processed/hrv/pre-94-030_part_2_neutral.mkv,30.3
pre-94-030,joy,/data/sit_22_alu_video_mix_lab/processed/hrv/pre-94-030_part_2_joy.mkv,30.3
pre-94-030,disgust,/data/sit_22_alu_video_mix_lab/processed/hrv/pre-94-030_part_2_disgust.mkv,30.3
pre-94-031,neutral,/data/sit_22_alu_video_mix_lab/processed/hrv/pre-94-031_part_3_neutral.mkv,30.3
pre-94-031,joy,/data/sit_22_alu_video_mix_lab/processed/hrv/pre-94-031_part_3_joy.mkv,30.3
pre-94-031,disgust,/data/sit_22_alu_video_mix_lab/processed/hrv/pre-94-031_part_3_disgust.mkv,30.3
pre-94-032,neutral,/data/sit_22_alu_video_mix_lab/processed/hrv/pre-94-032_part_2_neutral.mkv,30.3
pre-94-032,joy,/data/sit_22_alu_video_mix_lab/processed/hrv/pre-94-032_part_2_joy.mkv,30.3
pre-94-032,disgust,/data/sit_22_alu_video_mix_lab/processed/hrv/pre-94-032_part_2_disgust.mkv,30.3
pre-94-033,neutral,/data/sit_22_alu_video_mix_lab/processed/hrv/pre-94-033_part_2_neutral.mkv,30.3
pre-94-033,joy,/data/sit_22_alu_video_mix_lab/processed/hrv/pre-94-033_part_2_joy.mkv,30.3
pre-94-033,disgust,/data/sit_22_alu_video_mix_lab/processed/hrv/pre-94-033_part_2_disgust.mkv,30.3
pre-94-034,neutral,/data/sit_22_alu_video_mix_lab/processed/hrv/pre-94-034_part_2_neutral.mkv,30.3
pre-94-034,joy,/data/sit_22_alu_video_mix_lab/processed/hrv/pre-94-034_part_2_joy.mkv,30.3
pre-94-034,disgust,/data/sit_22_alu_video_mix_lab/processed/hrv/pre-94-034_part_2_disgust.mkv,30.3
pre-94-035,neutral,/data/sit_22_alu_video_mix_lab/processed/hrv/pre-94-035_part_2_neutral.mkv,30.3
pre-94-035,joy,/data/sit_22_alu_video_mix_lab/processed/hrv/pre-94-035_part_2_joy.mkv,30.3
pre-94-035,disgust,/data/sit_22_alu_video_mix_lab/processed/hrv/pre-94-035_part_2_disgust.mkv,30.3
pre-94-036,neutral,/data/sit_22_alu_video_mix_lab/processed/hrv/pre-94-036_part_2_neutral.mkv,30.3
pre-94-036,joy,/data/sit_22_alu_video_mix_lab/processed/hrv/pre-94-036_part_2_joy.mkv,30.3
pre-94-036,disgust,/data/sit_22_alu_video_mix_lab/processed/hrv/pre-94-036_part_2_disgust.mkv,30.3
pre-94-038,neutral,/data/sit_22_alu_video_mix_lab/processed/hrv/pre-94-038_part_2_neutral.mkv,30.3
pre-94-038,joy,/data/sit_22_alu_video_mix_lab/processed/hrv/pre-94-038_part_2_joy.mkv,30.3
pre-94-038,disgust,/data/sit_22_alu_video_mix_lab/processed/hrv/pre-94-038_part_2_disgust.mkv,30.3
pre-94-039,neutral,/data/sit_22_alu_video_mix_lab/processed/hrv/pre-94-039_part_2_neutral.mkv,30.3
pre-94-039,joy,/data/sit_22_alu_video_mix_lab/processed/hrv/pre-94-039_part_2_joy.mkv,30.3
pre-94-039,disgust,/data/sit_22_alu_video_mix_lab/processed/hrv/pre-94-039_part_2_disgust.mkv,30.3
pre-94-040,neutral,/data/sit_22_alu_video_mix_lab/processed/hrv/pre-94-040_part_2_neutral.mkv,30.3
pre-94-040,joy,/data/sit_22_alu_video_mix_lab/processed/hrv/pre-94-040_part_2_joy.mkv,30.3
pre-94-040,disgust,/data/sit_22_alu_video_mix_lab/processed/hrv/pre-94-040_part_2_disgust.mkv,30.3
pre-94-041,neutral,/data/sit_22_alu_video_mix_lab/processed/hrv/pre-94-041_part_3_neutral.mkv,30.3
pre-94-041,joy,/data/sit_22_alu_video_mix_lab/processed/hrv/pre-94-041_part_3_joy.mkv,30.3
pre-94-041,disgust,/data/sit_22_alu_video_mix_lab/processed/hrv/pre-94-041_part_3_disgust.mkv,30.3
pre-94-042,neutral,/data/sit_22_alu_video_mix_lab/processed/hrv/pre-94-042_part_2_neutral.mkv,30.3
pre-94-042,joy,/data/sit_22_alu_video_mix_lab/processed/hrv/pre-94-042_part_2_joy.mkv,30.3
pre-94-042,disgust,/data/sit_22_alu_video_mix_lab/processed/hrv/pre-94-042_part_2_disgust.mkv,30.3
pre-94-043,neutral,/data/sit_22_alu_video_mix_lab/processed/hrv/pre-94-043_part_2_neutral.mkv,30.3
pre-94-043,joy,/data/sit_22_alu_video_mix_lab/processed/hrv/pre-94-043_part_2_joy.mkv,30.3
pre-94-043,disgust,/data/sit_22_alu_video_mix_lab/processed/hrv/pre-94-043_part_2_disgust.mkv,30.3
pre-94-044,neutral,/data/sit_22_alu_video_mix_lab/processed/hrv/pre-94-044_part_2_neutral.mkv,30.3
pre-94-044,joy,/data/sit_22_alu_video_mix_lab/processed/hrv/pre-94-044_part_2_joy.mkv,30.3
pre-94-044,disgust,/data/sit_22_alu_video_mix_lab/processed/hrv/pre-94-044_part_2_disgust.mkv,30.3
pre-94-045,neutral,/data/sit_22_alu_video_mix_lab/processed/hrv/pre-94-045_part_2_neutral.mkv,30.3
pre-94-045,joy,/data/sit_22_alu_video_mix_lab/processed/hrv/pre-94-045_part_2_joy.mkv,30.3
pre-94-045,disgust,/data/sit_22_alu_video_mix_lab/processed/hrv/pre-94-045_part_2_disgust.mkv,30.3
pre-94-046,neutral,/data/sit_22_alu_video_mix_lab/processed/hrv/pre-94-046_part_2_neutral.mkv,30.3
pre-94-046,joy,/data/sit_22_alu_video_mix_lab/processed/hrv/pre-94-046_part_2_joy.mkv,30.3
pre-94-046,disgust,/data/sit_22_alu_video_mix_lab/processed/hrv/pre-94-046_part_2_disgust.mkv,30.3
pre-94-047,neutral,/data/sit_22_alu_video_mix_lab/processed/hrv/pre-94-047_part_3_neutral.mkv,30.3
pre-94-047,joy,/data/sit_22_alu_video_mix_lab/processed/hrv/pre-94-047_part_3_joy.mkv,30.3
pre-94-047,disgust,/data/sit_22_alu_video_mix_lab/processed/hrv/pre-94-047_part_3_disgust.mkv,30.3
pre-94-048,neutral,/data/sit_22_alu_video_mix_lab/processed/hrv/pre-94-048_part_2_neutral.mkv,30.3
pre-94-048,joy,/data/sit_22_alu_video_mix_lab/processed/hrv/pre-94-048_part_2_joy.mkv,30.3
pre-94-048,disgust,/data/sit_22_alu_video_mix_lab/processed/hrv/pre-94-048_part_2_disgust.mkv,30.3
pre-94-049,neutral,/data/sit_22_alu_video_mix_lab/processed/hrv/pre-94-049_part_2_neutral.mkv,30.3
pre-94-049,joy,/data/sit_22_alu_video_mix_lab/processed/hrv/pre-94-049_part_2_joy.mkv,30.3
pre-94-049,disgust,/data/sit_22_alu_video_mix_lab/processed/hrv/pre-94-049_part_2_disgust.mkv,30.3
pre-94-050,neutral,/data/sit_22_alu_video_mix_lab/processed/hrv/pre-94-050_part_2_neutral.mkv,30.3
pre-94-050,joy,/data/sit_22_alu_video_mix_lab/processed/hrv/pre-94-050_part_2_joy.mkv,30.3
pre-94-050,disgust,/data/sit_22_alu_video_mix_lab/processed/hrv/pre-94-050_part_2_disgust.mkv,30.3
pre-94-051,neutral,/data/sit_22_alu_video_mix_lab/processed/hrv/pre-94-051_part_2_neutral.mkv,30.3
pre-94-051,joy,/data/sit_22_alu_video_mix_lab/processed/hrv/pre-94-051_part_2_joy.mkv,30.3
pre-94-051,disgust,/data/sit_22_alu_video_mix_lab/processed/hrv/pre-94-051_part_2_disgust.mkv,30.3
pre-94-052,neutral,/data/sit_22_alu_video_mix_lab/processed/hrv/pre-94-052_part_2_neutral.mkv,30.3
pre-94-052,joy,/data/sit_22_alu_video_mix_lab/processed/hrv/pre-94-052_part_2_joy.mkv,30.3
pre-94-052,disgust,/data/sit_22_alu_video_mix_lab/processed/hrv/pre-94-052_part_2_disgust.mkv,30.3
pre-94-053,neutral,/data/sit_22_alu_video_mix_lab/processed/hrv/pre-94-053_part_2_neutral.mkv,30.3
pre-94-053,joy,/data/sit_22_alu_video_mix_lab/processed/hrv/pre-94-053_part_2_joy.mkv,30.3
pre-94-053,disgust,/data/sit_22_alu_video_mix_lab/processed/hrv/pre-94-053_part_2_disgust.mkv,30.3
pre-94-054,neutral,/data/sit_22_alu_video_mix_lab/processed/hrv/pre-94-054_part_2_neutral.mkv,30.3
pre-94-054,joy,/data/sit_22_alu_video_mix_lab/processed/hrv/pre-94-054_part_2_joy.mkv,30.3
pre-94-054,disgust,/data/sit_22_alu_video_mix_lab/processed/hrv/pre-94-054_part_2_disgust.mkv,30.3
pre-94-055,neutral,/data/sit_22_alu_video_mix_lab/processed/hrv/pre-94-055_part_2_neutral.mkv,30.3
pre-94-055,joy,/data/sit_22_alu_video_mix_lab/processed/hrv/pre-94-055_part_2_joy.mkv,30.3
pre-94-055,disgust,/data/sit_22_alu_video_mix_lab/processed/hrv/pre-94-055_part_2_disgust.mkv,30.3
pre-94-057,neutral,/data/sit_22_alu_video_mix_lab/processed/hrv/pre-94-057_part_2_neutral.mkv,30.3
pre-94-057,joy,/data/sit_22_alu_video_mix_lab/processed/hrv/pre-94-057_part_2_joy.mkv,30.3
pre-94-057,disgust,/data/sit_22_alu_video_mix_lab/processed/hrv/pre-94-057_part_2_disgust.mkv,30.3
pre-94-058,neutral,/data/sit_22_alu_video_mix_lab/processed/hrv/pre-94-058_part_2_neutral.mkv,30.3
pre-94-058,joy,/data/sit_22_alu_video_mix_lab/processed/hrv/pre-94-058_part_2_joy.mkv,30.3
pre-94-058,disgust,/data/sit_22_alu_video_mix_lab/processed/hrv/pre-94-058_part_2_disgust.mkv,30.3
pre-94-061,neutral,/data/sit_22_alu_video_mix_lab/processed/hrv/pre-94-061_part_2_neutral.mkv,30.3
pre-94-061,joy,/data/sit_22_alu_video_mix_lab/processed/hrv/pre-94-061_part_2_joy.mkv,30.3
pre-94-061,disgust,/data/sit_22_alu_video_mix_lab/processed/hrv/pre-94-061_part_2_disgust.mkv,30.3
pre-94-062,neutral,/data/sit_22_alu_video_mix_lab/processed/hrv/pre-94-062_part_2_neutral.mkv,30.3
pre-94-062,joy,/data/sit_22_alu_video_mix_lab/processed/hrv/pre-94-062_part_2_joy.mkv,30.3
pre-94-062,disgust,/data/sit_22_alu_video_mix_lab/processed/hrv/pre-94-062_part_2_disgust.mkv,30.3
pre-94-063,neutral,/data/sit_22_alu_video_mix_lab/processed/hrv/pre-94-063_part_2_neutral.mkv,30.3
pre-94-063,joy,/data/sit_22_alu_video_mix_lab/processed/hrv/pre-94-063_part_2_joy.mkv,30.3
pre-94-063,disgust,/data/sit_22_alu_video_mix_lab/processed/hrv/pre-94-063_part_2_disgust.mkv,30.3
pre-94-065,neutral,/data/sit_22_alu_video_mix_lab/processed/hrv/pre-94-065_part_2_neutral.mkv,30.3
pre-94-065,joy,/data/sit_22_alu_video_mix_lab/processed/hrv/pre-94-065_part_2_joy.mkv,30.3
pre-94-065,disgust,/data/sit_22_alu_video_mix_lab/processed/hrv/pre-94-065_part_2_disgust.mkv,30.3
pre-94-066,neutral,/data/sit_22_alu_video_mix_lab/processed/hrv/pre-94-066_part_2_neutral.mkv,30.3
pre-94-066,joy,/data/sit_22_alu_video_mix_lab/processed/hrv/pre-94-066_part_2_joy.mkv,30.3
pre-94-066,disgust,/data/sit_22_alu_video_mix_lab/processed/hrv/pre-94-066_part_2_disgust.mkv,30.3
pre-94-067,neutral,/data/sit_22_alu_video_mix_lab/processed/hrv/pre-94-067_part_2_neutral.mkv,30.3
pre-94-067,joy,/data/sit_22_alu_video_mix_lab/processed/hrv/pre-94-067_part_2_joy.mkv,30.3
pre-94-067,disgust,/data/sit_22_alu_video_mix_lab/processed/hrv/pre-94-067_part_2_disgust.mkv,30.3
pre-94-068,neutral,/data/sit_22_alu_video_mix_lab/processed/hrv/pre-94-068_part_2_neutral.mkv,30.3
pre-94-068,joy,/data/sit_22_alu_video_mix_lab/processed/hrv/pre-94-068_part_2_joy.mkv,30.3
pre-94-068,disgust,/data/sit_22_alu_video_mix_lab/processed/hrv/pre-94-068_part_2_disgust.mkv,30.3
pre04179,neutral,/data/sit_22_alu_video_mix_lab/processed/hrv/pre04179_part_2_neutral.mkv,30.3
pre04179,joy,/data/sit_22_alu_video_mix_lab/processed/hrv/pre04179_part_2_joy.mkv,30.3
pre04179,disgust,/data/sit_22_alu_video_mix_lab/processed/hrv/pre04179_part_2_disgust.mkv,30.3
